university,country,city
Massachusetts Institute of Technology (MIT),United States of America,Cambridge
Imperial College London,United Kingdom of Great Britain and Northern Ireland,London
University of Oxford,United Kingdom of Great Britain and Northern Ireland,Oxford
Harvard University,United States of America,Cambridge
University of Cambridge,United Kingdom of Great Britain and Northern Ireland,Cambridge
Stanford University,United States of America,Stanford
ETH Zurich - Swiss Federal Institute of Technology,Switzerland,Zurich
National University of Singapore (NUS),Singapore,Singapore
UCL,United Kingdom of Great Britain and Northern Ireland,London
California Institute of Technology (Caltech),United States of America,Pasadena
University of Pennsylvania,United States of America,Philadelphia
"University of California, Berkeley (UCB)",United States of America,Berkeley
The University of Melbourne,Australia,Melbourne
Peking University,China,Beijing
"Nanyang Technological University, Singapore (NTU)",Singapore,Singapore
Cornell University,United States of America,Ithaca
The University of Hong Kong,Hong Kong,Hong Kong
The University of Sydney,Australia,Sydney
The University of New South Wales (UNSW Sydney),Australia,Sydney
Tsinghua University,China,Beijing
University of Chicago,United States of America,Chicago
Princeton University,United States of America,Princeton
Yale University,United States of America,New Haven
Université PSL,France,Paris
University of Toronto,Canada,Toronto
EPFL,Switzerland,Lausanne
The University of Edinburgh,United Kingdom of Great Britain and Northern Ireland,Edinburgh
Technical University of Munich,Germany,Munich
McGill University,Canada,Montreal
The Australian National University,Australia,Canberra
Seoul National University,"Korea, Republic of",Seoul
Johns Hopkins University,United States of America,Baltimore
The University of Tokyo,Japan,Tokyo
Columbia University,United States of America,New York
The University of Manchester,United Kingdom of Great Britain and Northern Ireland,Manchester
The Chinese University of Hong Kong (CUHK),Hong Kong,Hong Kong
Monash University,Australia,Melbourne
University of British Columbia,Canada,Vancouver
Fudan University,China,Shanghai
King's College London,United Kingdom of Great Britain and Northern Ireland,London
The University of Queensland,Australia,Brisbane
"University of California, Los Angeles (UCLA)",United States of America,Los Angeles
New York University (NYU),United States of America,New York
University of Michigan-Ann Arbor,United States of America,Ann Arbor
Shanghai Jiao Tong University,China,Shanghai
Institut Polytechnique de Paris,France,Paris
The Hong Kong University of Science and Technology,Hong Kong,Hong Kong
Zhejiang University,China,Hangzhou
Delft University of Technology,"Netherlands, Kingdom of the",Delft
Kyoto University,Japan,Kyoto
Northwestern University,United States of America,Evanston
The London School of Economics and Political Science (LSE),United Kingdom of Great Britain and Northern Ireland,London
KAIST - Korea Advanced Institute of Science & Technology,"Korea, Republic of",Daejeon
University of Bristol,United Kingdom of Great Britain and Northern Ireland,Bristol
University of Amsterdam,"Netherlands, Kingdom of the",Amsterdam
Yonsei University,"Korea, Republic of",Seoul
The Hong Kong Polytechnic University,Hong Kong,Hong Kong
Carnegie Mellon University,United States of America,Pittsburgh
Ludwig-Maximilians-Universität München,Germany,Munich
Universiti Malaya (UM),Malaysia,Kuala Lumpur
Duke University,United States of America,Durham
City University of Hong Kong,Hong Kong,Hong Kong
KU Leuven,Belgium,Leuven
Sorbonne University,France,Paris
The University of Auckland,New Zealand,Auckland
University of Texas at Austin,United States of America,Austin
Korea University,"Korea, Republic of",Seoul
National Taiwan University (NTU),"Taiwan, Province of China",Taipei
The University of Warwick,United Kingdom of Great Britain and Northern Ireland,Coventry
University of Illinois at Urbana-Champaign,United States of America,Urbana-Champaign
Universidad de Buenos Aires (UBA),Argentina,Buenos Aires
"University of California, San Diego (UCSD)",United States of America,La Jolla
Université Paris-Saclay,France,Paris
KTH Royal Institute of Technology,Sweden,Stockholm
Lund University,Sweden,Lund
University of Washington,United States of America,Seattle
The University of Western Australia,Australia,Perth
University of Glasgow,United Kingdom of Great Britain and Northern Ireland,Glasgow
Brown University,United States of America,Providence
University of Birmingham,United Kingdom of Great Britain and Northern Ireland,Birmingham
University of Southampton,United Kingdom of Great Britain and Northern Ireland,Southampton
The University of Adelaide,Australia,Adelaide
University of Leeds,United Kingdom of Great Britain and Northern Ireland,Leeds
Ruprecht-Karls-Universität Heidelberg,Germany,Heidelberg
Tokyo Institute of Technology (Tokyo Tech),Japan,Tokyo
Osaka University,Japan,Osaka
"Trinity College Dublin, The University of Dublin",Ireland,Dublin
University of Technology Sydney,Australia,Sydney
Durham University,United Kingdom of Great Britain and Northern Ireland,Durham
Pennsylvania State University,United States of America,State College
Purdue University,United States of America,West Lafayette
Universidade de São Paulo,Brazil,São Paulo
Pontificia Universidad Católica de Chile (UC),Chile,Santiago
Lomonosov Moscow State University,Russian Federation,Lomonosov
Universidad Nacional Autónoma de México (UNAM),Mexico,Mexico City
University of Alberta,Canada,Edmonton
Freie Universitaet Berlin,Germany,Berlin
Pohang University of Science And Technology (POSTECH),"Korea, Republic of",Pohang
RWTH Aachen University,Germany,Aachen
University of Copenhagen,Denmark,Copenhagen
King Fahd University of Petroleum & Minerals,Saudi Arabia,Dhahran
"KIT, Karlsruhe Institute of Technology",Germany,Karlsruhe
Uppsala University,Sweden,Uppsala
University of St Andrews,United Kingdom of Great Britain and Northern Ireland,St Andrews
The University of Sheffield,United Kingdom of Great Britain and Northern Ireland,Sheffield
Utrecht University,"Netherlands, Kingdom of the",Utrecht
Tohoku University,Japan,Sendai
University of Nottingham,United Kingdom of Great Britain and Northern Ireland,Nottingham
Technical University of Denmark,Denmark,Lyngby
University of Zurich,Switzerland,Zurich
Politecnico di Milano,Italy,Milan
Boston University,United States of America,Boston
Aalto University,Finland,Espoo
Georgia Institute of Technology,United States of America,Atlanta
University of Waterloo,Canada,Waterloo
University of Wisconsin-Madison,United States of America,Madison
University of Helsinki,Finland,Helsinki
Indian Institute of Technology Bombay (IITB),India,Mumbai
University of Oslo,Norway,Oslo
Queen Mary University of London,United Kingdom of Great Britain and Northern Ireland,London
Western University,Canada,London
Qatar University,Qatar,Doha
RMIT University,Australia,Melbourne
Sungkyunkwan University(SKKU),"Korea, Republic of",Seoul
University of Southern California,United States of America,Los Angeles
Humboldt-Universität zu Berlin,Germany,Berlin
University College Dublin,Ireland,Dublin
Stockholm University,Sweden,Stockholm
Newcastle University,United Kingdom of Great Britain and Northern Ireland,Newcastle upon Tyne
"University of California, Davis",United States of America,Davis
University of Basel,Switzerland,Basel
Sapienza University of Rome,Italy,Rome
Alma Mater Studiorum - University of Bologna,Italy,Bologna
Macquarie University,Australia,Sydney
Nanjing University,China,Nanjing
Eindhoven University of Technology,"Netherlands, Kingdom of the",Eindhoven
University of Vienna,Austria,Vienna
Universiti Kebangsaan Malaysia (UKM),Malaysia,Bangi
Chalmers University of Technology,Sweden,Gothenburg
Universidad de Chile,Chile,Santiago
Lancaster University,United Kingdom of Great Britain and Northern Ireland,Lancaster
Leiden University,"Netherlands, Kingdom of the",Leiden
Rice University,United States of America,Houston
Aarhus University,Denmark,Aarhus
University of Science and Technology of China,China,Hefei
Universiti Sains Malaysia (USM),Malaysia,Penang
Technische Universität Berlin (TU Berlin),Germany,Berlin
Universiti Putra Malaysia (UPM),Malaysia,Serdang
King Abdulaziz University (KAU),Saudi Arabia,Jeddah
Indian Institute of Technology Delhi (IITD),India,New Delhi
University of Bath,United Kingdom of Great Britain and Northern Ireland,Bath
Michigan State University,United States of America,Lansing
Nagoya University,Japan,Nagoya
Texas A&M University,United States of America,College Station
University of Geneva,Switzerland,Geneva
"University of North Carolina, Chapel Hill",United States of America,Chapel Hill
Wageningen University & Research,"Netherlands, Kingdom of the",Wageningen
Erasmus University Rotterdam,"Netherlands, Kingdom of the",Rotterdam
Université de Montréal,Canada,Montreal
University of Groningen,"Netherlands, Kingdom of the",Groningen
University of Bern,Switzerland,Bern
Hanyang University,"Korea, Republic of",Seoul
Al-Farabi Kazakh National University,Kazakhstan,Almaty
Complutense University of Madrid,Spain,Madrid
Universitat de Barcelona,Spain,Barcelona
University of Liverpool,United Kingdom of Great Britain and Northern Ireland,Liverpool
Kyushu University,Japan,Fukuoka
University of Wollongong,Australia,Wollongong
Ghent University,Belgium,Ghent
The University of Exeter,United Kingdom of Great Britain and Northern Ireland,Exeter
University of Cape Town,South Africa,Cape Town
University of Reading,United Kingdom of Great Britain and Northern Ireland,Reading
Hokkaido University,Japan,Sapporo
Curtin University,Australia,Perth
Universitat Autònoma de Barcelona,Spain,Barcelona
McMaster University,Canada,Hamilton
Washington University in St. Louis,United States of America,Washington
"University of California, Santa Barbara (UCSB)",United States of America,Santa Barbara
"The University of Newcastle, Australia (UON)",Australia,Callaghan
Universidad de los Andes,Colombia,Bogotá
Universiti Teknologi Malaysia,Malaysia,Skudai
Waseda University,Japan,Tokyo
Hamad Bin Khalifa University,Qatar,Doha
University of York,United Kingdom of Great Britain and Northern Ireland,York
Tecnológico de Monterrey,Mexico,Monterrey
Cardiff University,United Kingdom of Great Britain and Northern Ireland,Cardiff
École Normale Supérieure de Lyon,France,Lyon
Keio University,Japan,Tokyo
University of Ottawa,Canada,Ottawa
Technische Universität Wien,Austria,Vienna
Universität Hamburg,Germany,Hamburg
Wuhan University,China,Wuhan
Queen's University at Kingston,Canada,Kingston
University of Gothenburg,Sweden,Gothenburg
Beijing Normal University,China,Beijing
Emory University,United States of America,Atlanta
Deakin University,Australia,Geelong
Universidad Autónoma de Madrid,Spain,Madrid
University of Calgary,Canada,Calgary
Arizona State University,United States of America,Tempe
King Saud University,Saudi Arabia,Riyadh
Khalifa University of Science and Technology,United Arab Emirates,Abu Dhabi
Université catholique de Louvain (UCLouvain),Belgium,Louvain-la-Neuve
University of Minnesota Twin Cities,United States of America,Minneapolis
Ecole des Ponts ParisTech,France,Paris
Queen's University Belfast,United Kingdom of Great Britain and Northern Ireland,Belfast
Universitas Indonesia,Indonesia,Depok
The Ohio State University,United States of America,Columbus
Tel Aviv University,Israel,Tel Aviv
National Tsing Hua University,"Taiwan, Province of China",Hsinchu
Indian Institute of Science,India,Bangalore
Albert-Ludwigs-Universitaet Freiburg,Germany,Freiburg
Queensland University of Technology (QUT),Australia,Brisbane
University of Otago,New Zealand,Dunedin
National Cheng Kung University (NCKU),"Taiwan, Province of China",Tainan
University of Florida,United States of America,Florida
La Trobe University,Australia,Melbourne
"University of Maryland, College Park",United States of America,College Park
National Yang Ming Chiao Tung University,"Taiwan, Province of China",Hsinchu
Universidad Nacional de Colombia,Colombia,Bogotá
Vrije Universiteit Amsterdam,"Netherlands, Kingdom of the",Amsterdam
Eberhard Karls Universität Tübingen,Germany,Tübingen
Indian Institute of Technology Kharagpur (IIT-KGP),India,Kharagpur
Friedrich-Alexander-Universität Erlangen-Nürnberg,Germany,Erlangen
Loughborough University,United Kingdom of Great Britain and Northern Ireland,Loughborough
University of Lausanne,Switzerland,Lausanne
Indian Institute of Technology Madras (IITM),India,Chennai
Rheinische Friedrich-Wilhelms-Universität Bonn,Germany,Bonn
Chulalongkorn University,Thailand,Bangkok
Maastricht University,"Netherlands, Kingdom of the",Maastricht
Universite libre de Bruxelles,Belgium,Brussels
Universidade Estadual de Campinas (Unicamp),Brazil,Campinas
University of Twente,"Netherlands, Kingdom of the",Enschede
Technische Universität Dresden,Germany,Dresden
University of Waikato,New Zealand,Hamilton
Università di Padova,Italy,Padua
University of Aberdeen,United Kingdom of Great Britain and Northern Ireland,Aberdeen
University of Rochester,United States of America,Rochester
Gadjah Mada University,Indonesia,Yogyakarta
Massey University,New Zealand,Palmerston North
Politecnico di Torino,Italy,Turin
Technical University of Darmstadt,Germany,Darmstadt
Dartmouth College,United States of America,Hanover
Victoria University of Wellington,New Zealand,Wellington
University of Macau,Macao,Macau
Charles University,Czechia,Prague
University of Sussex,United Kingdom of Great Britain and Northern Ireland,Brighton
Vanderbilt University,United States of America,Nashville
University of Navarra,Spain,Pamplona
American University of Beirut (AUB),Lebanon,Beirut
Taylor's University,Malaysia,Subang Jaya
Tongji University,China,Shanghai
Hong Kong Baptist University,Hong Kong,Hong Kong
University of Göttingen,Germany,Göttingen
Griffith University,Australia,Griffith
Bandung Institute of Technology (ITB),Indonesia,Bandung
Heriot-Watt University,United Kingdom of Great Britain and Northern Ireland,Edinburgh
University of Warsaw,Poland,Warsaw
Case Western Reserve University,United States of America,Cleveland
University of Lisbon,Portugal,Lisbon
United Arab Emirates University,United Arab Emirates,Al Ain
University of Canterbury | Te Whare W?nanga o Waitaha,New Zealand,Christchurch
Indian Institute of Technology Kanpur (IITK),India,Kanpur
Norwegian University of Science And Technology,Norway,Trondheim
UCSI University,Malaysia,Kuala Lumpur
Universitat Pompeu Fabra (Barcelona),Spain,Barcelona
University of Antwerp,Belgium,Antwerp
University of Witwatersrand,South Africa,Johannesburg
Sun Yat-sen University,China,Guangzhou
Universiti Teknologi PETRONAS (UTP),Malaysia,Tronoh
Harbin Institute of Technology,China,Harbin
Radboud University,"Netherlands, Kingdom of the",Nijmegen
University College Cork,Ireland,Cork
University of Galway,Ireland,Galway
Dalhousie University,Canada,Dalhousie
University of Massachusetts Amherst,United States of America,Amherst
University of Pittsburgh,United States of America,Pittsburgh
University of Porto,Portugal,Porto
Vrije Universiteit Brussel (VUB),Belgium,Brussels
Ulsan National Institute of Science and Technology (UNIST),"Korea, Republic of",Ulsan
The Hebrew University of Jerusalem,Israel,Jerusalem
University of Strathclyde,United Kingdom of Great Britain and Northern Ireland,Glasgow
Université Paris 1 Panthéon-Sorbonne,France,Paris
Xiamen University,China,Xiamen
Middle East Technical University,Türkiye,Ankara
Universidad Carlos III de Madrid (UC3M),Spain,Madrid
University of Cologne,Germany,Cologne
University of Leicester,United Kingdom of Great Britain and Northern Ireland,Leicester
University of Milan,Italy,Milan
University of Surrey,United Kingdom of Great Britain and Northern Ireland,Guildford
Swinburne University of Technology,Australia,Melbourne
University of Bergen,Norway,Bergen
The University of Arizona,United States of America,Tucson
University of Tasmania,Australia,Hobart
Beijing Institute of Technology,China,Beijing
Stellenbosch University,South Africa,Stellenbosch
University of Virginia,United States of America,Charlottesville
Bauman Moscow State Technical University,Russian Federation,Moscow
Swansea University,United Kingdom of Great Britain and Northern Ireland,Swansea
Huazhong University of Science and Technology,China,Wuhan
Georgetown University,United States of America,Washington
Sichuan University,China,Chengdu
Université Paris Cité,France,Paris
Linköping University,Sweden,Linköping
Universidade Federal do Rio de Janeiro,Brazil,Rio de Janeiro
Aalborg University,Denmark,Aalborg
"University of California, Irvine",United States of America,Irvine
Airlangga University,Indonesia,Surabaya
Goethe-University Frankfurt am Main,Germany,Frankfurt
Universität Innsbruck,Austria,Innsbruck
North Carolina State University,United States of America,Carolina
Jagiellonian University,Poland,Kraków
University of Johannesburg,South Africa,Johannesburg
Universität Stuttgart,Germany,Stuttgart
Quaid-i-Azam University,Pakistan,Islamabad
RUDN University,Russian Federation,Moscow
Shanghai University,China,Shanghai
University of Notre Dame,United States of America,Notre Dame
Simon Fraser University,Canada,Burnaby
University of Colorado Boulder,United States of America,Boulder
L.N. Gumilyov Eurasian National University (ENU),Kazakhstan,Nur-Sultan
National Technical University of Athens,Greece,Athens
Universidad Politécnica de Madrid (UPM),Spain,Madrid
University of Miami,United States of America,Miami
University of Southern Denmark (SDU),Denmark,Odense
Daegu Gyeongbuk Institute of Science and Technology (DGIST),"Korea, Republic of",Daegu
Istanbul Technical University,Türkiye,Istanbul
Kyung Hee University,"Korea, Republic of",Seoul
Rutgers University–New Brunswick,United States of America,New Brunswick
University of Delhi,India,Delhi
Renmin (People's) University of China,China,Beijing
American University of Sharjah,United Arab Emirates,Sharjah
University of East Anglia (UEA),United Kingdom of Great Britain and Northern Ireland,Norwich
Université Grenoble Alpes,France,Grenoble
Indian Institute of Technology Roorkee (IITR),India,Roorkee
Flinders University,Australia,Flinders
Lappeenranta-Lahti University of Technology LUT,Finland,Lappeenranta
Xi’an Jiaotong University,China,Xi'an
University of the Philippines,Philippines,Quezon City
University of Saskatchewan,Canada,Saskatoon
University of South Australia,Australia,Adelaide
Brunel University London,United Kingdom of Great Britain and Northern Ireland,London
Sharif University of Technology,"Iran, Islamic Republic of",Tehran
Indian Institute of Technology Guwahati (IITG),India,Guwahati
Tufts University,United States of America,Medford
University of Oulu,Finland,Oulu
Tilburg University,"Netherlands, Kingdom of the",Tilburg
University of Naples - Federico II,Italy,Naples
University of Victoria (UVic),Canada,Victoria
Cairo University,Egypt,Cairo
Sciences Po,France,Paris
"City, University of London",United Kingdom of Great Britain and Northern Ireland,London
National University of Sciences And Technology (NUST) Islamabad,Pakistan,Islamabad
University of Pretoria,South Africa,Pretoria
Indiana University Bloomington,United States of America,Bloomington
University of Coimbra,Portugal,Coimbra
University of Luxembourg,Luxembourg,Luxemburg
University of Tartu,Estonia,Tartu
Gwangju Institute of Science and Technology (GIST),"Korea, Republic of",Gwangju
Pontificia Universidad Católica del Perú,Peru,Lima
University of Aveiro,Portugal,Aveiro
Sultan Qaboos University,Oman,Muscat
Nankai University,China,Shanghai
York University,Canada,Toronto
Saint Petersburg State University,Russian Federation,Saint Petersburg
University of Illinois at Chicago (UIC),United States of America,Chicago
Westfälische Wilhelms-Universität Münster,Germany,Münster
Mahidol University,Thailand,Bangkok
University of Jordan,Jordan,Amman
University of Tehran,"Iran, Islamic Republic of",Tehran
George Washington University,United States of America,Washington
Lincoln University,New Zealand,Lincoln
Universitat Politècnica de Catalunya · BarcelonaTech (UPC),Spain,Barcelona
University of Turin,Italy,Turin
University of Florence,Italy,Florence
University of Turku,Finland,Turku
Tianjin University,China,Tianjin
Pontificia Universidad Javeriana,Colombia,Bogotá
University of Tsukuba,Japan,Tsukuba
Technische Universität Bergakademie Freiberg,Germany,Freiberg
University of Kent,United Kingdom of Great Britain and Northern Ireland,Canterbury
University of Pisa,Italy,Pisa
Anna University,India,Chennai
Western Sydney University,Australia,Sydney
Shandong University,China,Jinan
Universiti Brunei Darussalam (UBD),Brunei Darussalam,Bandar Seri Begawan
Belarusian State University,Belarus,Minsk
Universidade Nova de Lisboa,Portugal,Lisbon
Università Vita-Salute San Raffaele,Italy,Milan
University of Cyprus (UCY),Cyprus,Nicosia
Virginia Polytechnic Institute and State University,United States of America,Blacksburg
National Taiwan University of Science and Technology (Taiwan Tech),"Taiwan, Province of China",Taipei
National and Kapodistrian University of Athens,Greece,Athens
"University of California, Santa Cruz",United States of America,Santa Cruz
"University of Rome ""Tor Vergata""",Italy,Rome
Northeastern University,United States of America,Boston
Ruhr-Universität Bochum,Germany,Bochum
Sejong University,"Korea, Republic of",Seoul
Université de Liège,Belgium,Liège
University of Southern Queensland,Australia,Toowoomba
Kazan (Volga region) Federal University,Russian Federation,Kazan
Koç University,Türkiye,Istanbul
Amirkabir University of Technology,"Iran, Islamic Republic of",Tehran
University of Canberra,Australia,Canberra
Institut National des Sciences Appliquées de Lyon (INSA),France,Lyon
Satbayev University,Kazakhstan,Almaty
USI - Università della Svizzera italiana,Switzerland,Lugano
"Birkbeck, University of London",United Kingdom of Great Britain and Northern Ireland,London
Masaryk University,Czechia,Brno
HSE University,Russian Federation,Moscow
The American University in Cairo,Egypt,Cairo
Auckland University of Technology (AUT),New Zealand,Auckland
Graz University of Technology,Austria,Graz
Yeshiva University,United States of America,New York
Concordia University,Canada,Montreal
Oxford Brookes University,United Kingdom of Great Britain and Northern Ireland,Oxford
Technion - Israel Institute of Technology,Israel,Haifa
University of Dundee,United Kingdom of Great Britain and Northern Ireland,Dundee
Bo?aziçi University,Türkiye,Istanbul
Czech Technical University in Prague,Czechia,Prague
Dublin City University,Ireland,Dublin
University of Limerick,Ireland,Limerick
Aston University,United Kingdom of Great Britain and Northern Ireland,Birmingham
Université Laval,Canada,Quebec City
National Taipei University of Technology,"Taiwan, Province of China",Taipei
IPB University (a.k.a. Bogor Agricultural University),Indonesia,Bogor
Leibniz University Hannover,Germany,Hanover
Julius-Maximilians-Universität Würzburg,Germany,Würzburg
Central South University,China,Changsha
University of Science and Technology Beijing,China,Beijing
University of Electronic Science and Technology of China,China,Chengdu
Tomsk State University,Russian Federation,Tomsk
University of Granada,Spain,Granada
University of Sharjah,United Arab Emirates,Sharjah
IE University,Spain,Madrid
Iran University of Science and Technology,"Iran, Islamic Republic of",Tehran
Murdoch University,Australia,Perth
Universitat Politècnica de València,Spain,Valencia
Vilnius University,Lithuania,Vilnius
Singapore University of Technology and Design,Singapore,Singapore
Università degli Studi di Pavia,Italy,Pavia
Colorado State University,United States of America,Fort Collins
Novosibirsk State University,Russian Federation,Novosibirsk
Università Cattolica del Sacro Cuore,Italy,Milan
James Cook University,Australia,Townsville
Justus-Liebig-University Giessen,Germany,Giessen
Universitat de Valencia,Spain,Valencia
Southern University of Science and Technology,China,Shenzhen
South China University of Technology,China,Guangzhou
Université de Montpellier,France,Montpellier
Hunan University,China,Changsha
Nanjing University of Science and Technology,China,Nanjing
National Taiwan Normal University,"Taiwan, Province of China",Taipei
University of Kansas,United States of America,Lawrence
University of Stirling,United Kingdom of Great Britain and Northern Ireland,Stirling
Moscow Institute of Physics and Technology (MIPT / Moscow Phystech),Russian Federation,Dolgoprudny
Umea University,Sweden,Umeå
Université de Strasbourg,France,Strasbourg
University of Guelph,Canada,Guelph
"Stony Brook University, State University of New York",United States of America,Stony Brook
Universidad de Santiago de Chile (USACH),Chile,Santiago
Tampere University,Finland,Tampere
Universidad de Sevilla,Spain,Seville
Macau University of Science and Technology,Macao,Macau
Kobe University,Japan,Kobe
Universität Konstanz,Germany,Konstanz
Universitat Ramon Llull,Spain,Barcelona
University at Buffalo SUNY,United States of America,Buffalo
Washington State University,United States of America,Washington
Iowa State University,United States of America,Ames
Ben-Gurion University of The Negev,Israel,Beersheba
"Essex, University of",United Kingdom of Great Britain and Northern Ireland,Colchester
Johannes Kepler University Linz,Austria,Linz
Bangor University,United Kingdom of Great Britain and Northern Ireland,Bangor
Hiroshima University,Japan,Hiroshima
Universität Potsdam,Germany,Potsdam
Ajman University,United Arab Emirates,Ajman
Bilkent University,Türkiye,Ankara
Indian Institute of Technology Indore (IIT Indore),India,Indore
Royal Holloway University of London,United Kingdom of Great Britain and Northern Ireland,Egham
Aix-Marseille University,France,Marseille
Pontificia Universidad Católica Argentina,Argentina,Buenos Aires
"The University of Tennessee, Knoxville",United States of America,Knoxville
China Agricultural University,China,Beijing
American University of Ras Al Khaimah ( AURAK ),United Arab Emirates,Ras Al Khaimah
National Sun Yat-sen University,"Taiwan, Province of China",Kaohsiung
Universität Mannheim,Germany,Mannheim
University of Hawai?i at M?noa,United States of America,Honolulu
Dalian University of Technology,China,Dalian
Chung-Ang University (CAU),"Korea, Republic of",Seoul
Isfahan University of Technology,"Iran, Islamic Republic of",Isfahan
Southeast University,China,Nanjing
UNESP,Brazil,São Paulo
University of Jyväskylä,Finland,Jyväskylä
Central Queensland University (CQUniversity Australia),Australia,Rockhampton
Duy Tan University,Viet Nam,Da Nang
Chongqing University,China,Chongqing
National Research Nuclear University MEPhI (Moscow Engineering Physics Institute),Russian Federation,Moscow
Universidad de Costa Rica,Costa Rica,San José
"University of California, Riverside",United States of America,Riverside
Abu Dhabi University,United Arab Emirates,Abu Dhabi
Colorado School of Mines,United States of America,Golden
Zhengzhou University,China,Zhengzhou
Johannes Gutenberg Universität Mainz,Germany,Mainz
University of Huddersfield,United Kingdom of Great Britain and Northern Ireland,Huddersfield
University of Delaware,United States of America,Delaware
University of Trento,Italy,Trento
Aristotle University of Thessaloniki,Greece,Thessaloniki
China University of Petroleum,China,Beijing
SOAS University of London,United Kingdom of Great Britain and Northern Ireland,London
Ewha Womans University,"Korea, Republic of",Seoul
Beihang University (former BUAA),China,Beijing
Imam Abdulrahman Bin Faisal University (IAU) (formerly UNIVERSITY OF DAMMAM),Saudi Arabia,Dammam
Prince Mohammad Bin Fahd university,Saudi Arabia,Al Khobar
University of Milano-Bicocca,Italy,Milan
Ateneo de Manila University,Philippines,Quezon City
Edith Cowan University,Australia,Perth
INTI International University,Malaysia,Subang Jaya
Kyungpook National University,"Korea, Republic of",Daegu
Sabanci University,Türkiye,Istanbul
University of Hull,United Kingdom of Great Britain and Northern Ireland,Hull
Ural Federal University - UrFU,Russian Federation,Yekaterinburg
Canadian University Dubai,United Arab Emirates,Dubai
Pusan National University,"Korea, Republic of",Busan
Universidad Austral,Argentina,Buenos Aires
Universität Jena,Germany,Jena
Missouri University of Science and Technology,United States of America,Rolla
Universität Leipzig,Germany,Leipzig
University of Bayreuth,Germany,Bayreuth
Warsaw University of Technology,Poland,Warsaw
Coventry University,United Kingdom of Great Britain and Northern Ireland,Coventry
Indian Institute of Technology (BHU) Varanasi,India,Varanasi
University of Utah,United States of America,Salt Lake City
Universidad Nacional de La Plata (UNLP),Argentina,La Plata
Lahore University of Management Sciences (LUMS),Pakistan,Lahore
Northumbria University at Newcastle,United Kingdom of Great Britain and Northern Ireland,Newcastle upon Tyne
University of Bordeaux,France,Bordeaux
University of Eastern Finland,Finland,Joensuu
Applied Science University - Bahrain,Bahrain,Riffa
Hitotsubashi University,Japan,Tokyo
Sunway University,Malaysia,Petaling Jaya
Université de Fribourg,Switzerland,Fribourg
University of Salamanca,Spain,Salamanca
Universidad de Zaragoza,Spain,Zaragoza
Universidad Pontificia Comillas,Spain,Madrid
University of Bradford,United Kingdom of Great Britain and Northern Ireland,Bradford
East China University of Science and Technology,China,Shanghai
Tashkent Institute of Irrigation and Agricultural Mechanization Engineers - National Research University (TIIAME-NRU),Uzbekistan,Tashkent
University of Genoa,Italy,Genoa
University of Iceland,Iceland,Reykjavik
University of Windsor,Canada,Windsor
Al Ain University,United Arab Emirates,Al Ain
University of Tabriz,"Iran, Islamic Republic of",Tabriz
Hasselt University,Belgium,Hasselt
Jordan University of Science & Technology,Jordan,Irbid
Universiti Utara Malaysia (UUM),Malaysia,Sintok
University of Dhaka,Bangladesh,Dhaka
University Ulm,Germany,Ulm
Peter the Great St. Petersburg Polytechnic University,Russian Federation,Saint Petersburg
Ulster University,United Kingdom of Great Britain and Northern Ireland,Belfast
Umm Al-Qura University,Saudi Arabia,Mecca
Université Claude Bernard Lyon 1,France,Lyon
Universiti Teknologi Brunei,Brunei Darussalam,Bandar Seri Begawan
Eötvös Loránd University,Hungary,Budapest
China University of Mining and Technology,China,Xuzhou
University of Connecticut,United States of America,Storrs
Chiang Mai University,Thailand,Chiang Mai
Lebanese University,Lebanon,Beirut
MGIMO University,Russian Federation,Moscow
"University of Chemistry and Technology, Prague",Czechia,Prague
University of Szeged,Hungary,Szeged
University of the Punjab,Pakistan,Lahore
Florida State University,United States of America,Florida
Florida International University,United States of America,Florida
University of Debrecen,Hungary,Debrecen
National Research Tomsk Polytechnic University,Russian Federation,Tomsk
Sogang University,"Korea, Republic of",Seoul
Southern Cross University,Australia,Lismore
Universidad Adolfo Ibáñez,Chile,Santiago
Jawaharlal Nehru University,India,New Delhi
Nanjing Agricultural University,China,Nanjing
Management and Science University,Malaysia,Shah Alam
Politecnico di Bari,Italy,Bari
Université Paul Sabatier Toulouse III,France,Toulouse
Institut Teknologi Sepuluh Nopember (ITS Surabaya),Indonesia,Surabaya
Singapore Management University,Singapore,Singapore
Bond University,Australia,Gold Coast
Shoolini University of Biotechnology and Management Sciences,India,Solan
The University of Georgia,United States of America,Athens
Universiti Teknologi MARA - UiTM,Malaysia,Shah Alam
University of Kwazulu-Natal,South Africa,Durban
Ain Shams University,Egypt,Cairo
Nottingham Trent University,United Kingdom of Great Britain and Northern Ireland,Nottingham
Universität Bremen,Germany,Bremen
ITMO University,Russian Federation,Saint Petersburg
Thammasat University,Thailand,Bangkok
Universitas Padjadjaran,Indonesia,Bandung
University of Iowa,United States of America,Iowa City
University of Ljubljana,Slovenia,Ljubljana
University of Texas Dallas,United States of America,Richardson
Ca' Foscari University of Venice,Italy,Venice
Illinois Institute of Technology,United States of America,Chicago
King Khalid University,Saudi Arabia,Abha
"Kingston University, London",United Kingdom of Great Britain and Northern Ireland,London
Manchester Metropolitan University (MMU),United Kingdom of Great Britain and Northern Ireland,Manchester
National Chengchi University,"Taiwan, Province of China",Taipei
Paris Lodron University of Salzburg,Austria,Salzburg
Rensselaer Polytechnic Institute,United States of America,Troy
Universität des Saarlandes,Germany,Saarbrücken
University of Crete,Greece,Rethymno
University of Hohenheim,Germany,Stuttgart
University of South Carolina,United States of America,Columbia
American University of the Middle East,Kuwait,Kuwait City
Asia Pacific University of Technology and Innovation (APU),Malaysia,Kuala Lumpur
Brno University of Technology,Czechia,Brno
Christian-Albrechts-University zu Kiel,Germany,Kiel
Eastern Mediterranean University,North Cyprus,Famagusta
Pontifícia Universidade Católica do Rio de Janeiro,Brazil,Rio de Janeiro
Taipei Medical University (TMU),"Taiwan, Province of China",Taipei
University of Klagenfurt,Austria,Klagenfurt
University of Minho,Portugal,Braga
Abo Akademi University,Finland,Turku
American University in Dubai,United Arab Emirates,Dubai
Auezov South Kazakhstan University (SKU),Kazakhstan,Almaty
Charles Darwin University,Australia,Darwin
Istanbul University,Türkiye,Istanbul
Beijing University of Chemical Technology,China,Beijing
Tallinn University of Technology (TalTech),Estonia,Tallinn
Universidad de Alcalá,Spain,Alcalá de Henares
Universidad de Palermo (UP),Argentina,Buenos Aires
University of South Florida,United States of America,Florida
University of Tromsø The Arctic University of Norway,Norway,Tromsø
Zayed University,United Arab Emirates,Abu Dhabi
Ajou University,"Korea, Republic of",Suwon
Boston College,United States of America,Boston
Chang Gung University,"Taiwan, Province of China",Taoyuan
Shenzhen University,China,Shenzhen
Far Eastern Federal University,Russian Federation,Vladivostok
Inha University,"Korea, Republic of",Incheon
Savitribai Phule Pune University,India,Pune
Tulane University,United States of America,New Orleans
Universidad de Concepción,Chile,Concepción
University of Portsmouth,United Kingdom of Great Britain and Northern Ireland,Portsmouth
Beirut Arab University,Lebanon,Beirut
De La Salle University,Philippines,Manila
Northwestern Polytechnical University,China,Xi'an
Hacettepe University,Türkiye,Ankara
Lehigh University,United States of America,Bethlehem
National Central University,"Taiwan, Province of China",Taoyuan
Oregon State University,United States of America,Oregon
Ritsumeikan University,Japan,Kyoto
East China Normal University,China,Shanghai
Symbiosis International (Deemed University),India,Pune
Universiti Tenaga Nasional (UNITEN),Malaysia,Bangi
"University of Missouri, Columbia",United States of America,Columbia
University of the Basque Country,Spain,Bilbao
HUFS - Hankuk (Korea) University of Foreign Studies,"Korea, Republic of",Seoul
Palacký University Olomouc,Czechia,Olomouc
Universidade de Santiago de Compostela,Spain,Santiago de Compostela
University of Houston,United States of America,Houston
University of Zagreb,Croatia,Zagreb
Aberystwyth University,United Kingdom of Great Britain and Northern Ireland,Aberystwyth
City University of New York,United States of America,New York
Comenius University Bratislava,Slovakia,Bratislava
Free University of Bozen-Bolzano,Italy,Bolzano
International Islamic University Malaysia (IIUM),Malaysia,Gombak
ISCTE - Instituto Universitario de Lisboa,Portugal,Lisbon
Memorial University of Newfoundland,Canada,Saint John
National Chung Hsing University,"Taiwan, Province of China",Taichung
"Sofia University ""St. Kliment Ohridski""",Bulgaria,Sofia
Tokyo Medical and Dental University (TMDU),Japan,Tokyo
Universidad de la República (Udelar),Uruguay,Montevideo
University of Manitoba,Canada,Winnipeg
University of Plymouth,United Kingdom of Great Britain and Northern Ireland,Plymouth
Abai Kazakh National Pedagogical University,Kazakhstan,Almaty
Bar-Ilan University,Israel,Ramat Gan
Karl-Franzens-Universitaet Graz,Austria,Graz
Kazakh National Agrarian University KazNAU,Kazakhstan,Almaty
Martin-Luther-Universität Halle-Wittenberg,Germany,Halle
Universidade Federal de Minas Gerais,Brazil,Belo Horizonte
University of Haifa,Israel,Haifa
Soochow University,China,Suzhou
"Goldsmiths, University of London",United Kingdom of Great Britain and Northern Ireland,London
Indian Institute of Technology Hyderabad,India,Hyderabad
Jeonbuk National University,"Korea, Republic of",Jeonju
Prince Sultan University,Saudi Arabia,Riyadh
Princess Nourah bint Abdulrahman University,Saudi Arabia,Riyadh
Temple University,United States of America,Temple
"University of Agriculture, Faisalabad",Pakistan,Faisalabad
University of New Brunswick,Canada,Fredericton
Chandigarh University,India,Chandigarh
Norwegian University of Life Sciences (UMB),Norway,Ås
Pakistan Institute of Engineering and Applied Sciences (PIEAS),Pakistan,Islamabad
Shiraz University,"Iran, Islamic Republic of",Shiraz
Universidad Central de Venezuela,"Venezuela, Bolivarian Republic of",Caracas
Universidad de La Habana,Cuba,Havana
Universidad Panamericana (UP),Mexico,Mexico City
Universidade Federal de São Paulo,Brazil,São Paulo
Universidade Federal do Rio Grande Do Sul,Brazil,Porto Alegre
University of Brescia,Italy,Brescia
University of Greenwich,United Kingdom of Great Britain and Northern Ireland,London
University of Siena,Italy,Siena
Huazhong Agricultural University,China,Wuhan
Dongguk University,"Korea, Republic of",Seoul
Lebanese American University,Lebanon,Beirut
National Institute of Technology Tiruchirappalli,India,Tiruchirappalli
Stevens Institute of Technology,United States of America,Hoboken
Taras Shevchenko National University of Kyiv,Ukraine,Shevchenko
University of Nebraska - Lincoln,United States of America,Lincoln
University of Oklahoma,United States of America,Norman
Ahlia University,Bahrain,Manama
American University,United States of America,Washington
COMSATS University Islamabad,Pakistan,Islamabad
Czech University of Life Sciences in Prague,Czechia,Prague
De Montfort University,United Kingdom of Great Britain and Northern Ireland,Leicester
"Lingnan University, Hong Kong",Hong Kong,Hong Kong
Nanjing University of Aeronautics and Astronautics,China,Nanjing
Plekhanov Russian University of Economics,Russian Federation,Moscow
Saint Joseph University of Beirut (USJ),Lebanon,Beirut
The National University of Science and Technology MISIS,Russian Federation,Moscow
Ton Duc Thang University,Viet Nam,Ho Chi Minh City
Université de Franche-Comté,France,Besançon
University of Mumbai,India,Mumbai
Brandeis University,United States of America,Waltham
Budapest University of Technology and Economics,Hungary,Budapest
Diponegoro University,Indonesia,Semarang
Drexel University,United States of America,Philadelphia
Effat University,Saudi Arabia,Jeddah
Jadavpur University,India,Kolkata
Konkuk University,"Korea, Republic of",Seoul
Jinan University (China),China,Guangzhou
Middlesex University,United Kingdom of Great Britain and Northern Ireland,London
Riga Technical University,Latvia,Riga
Université de Lille,France,Lille
Université de Rennes 1 (University of Rennes),France,Rennes
University of Modena and Reggio Emilia,Italy,Modena
University of Trieste,Italy,Trieste
Universitat Rovira i Virgili,Spain,Tarragona
Université Côte d\'Azur,France,Nice
University of Belgrade,Serbia,Belgrade
Altai State University,Russian Federation,Barnaul
Carleton University,Canada,Ottawa
Universidad Católica Andres Bello,"Venezuela, Bolivarian Republic of",Caracas
Universidad de Montevideo (UM),Uruguay,Montevideo
Universität Regensburg,Germany,Regensburg
Universiti Malaysia Pahang,Malaysia,Kuantan
University of Central Florida,United States of America,Florida
University of the West of England,United Kingdom of Great Britain and Northern Ireland,Bristol
University of Westminster,United Kingdom of Great Britain and Northern Ireland,London
V. N. Karazin Kharkiv National University,Ukraine,Kharkiv
Victoria University,Australia,Melbourne
Vytautas Magnus University,Lithuania,Kaunas
Wake Forest University,United States of America,Winston-Salem
Instituto Tecnológico Autónomo de México (ITAM),Mexico,Mexico City
Kaunas University of Technology,Lithuania,Kaunas
Technische Universität Braunschweig,Germany,Braunschweig
Tokyo University of Science,Japan,Tokyo
Universidade de Brasília,Brazil,Brasília
Universita' Politecnica delle Marche,Italy,Ancona
University of Calcutta,India,Kolkata
University of Engineering & Technology (UET) Lahore,Pakistan,Lahore
University of Malta,Malta,Msida
University of Messina (UniME),Italy,Messina
"Adam Mickiewicz University, Pozna?",Poland,Poznań
Bangladesh University of Engineering and Technology,Bangladesh,Dhaka
King Faisal University,Saudi Arabia,Al-Hofuf
Ocean University of China,China,Qingdao
University of Cincinnati,United States of America,Cincinnati
"University of Colorado, Denver",United States of America,Denver
University of Patras,Greece,Patras
Addis Ababa University,Ethiopia,Addis Ababa
Bournemouth University,United Kingdom of Great Britain and Northern Ireland,Bournemouth
Chiba University,Japan,Chiba
Beijing University of Posts and Telecommunications,China,Beijing
Colegio de México,Mexico,Mexico City
Holy Spirit University of Kaslik,Lebanon,Kaslik
Universidad del Rosario,Colombia,Bogotá
Université de Tunis El Manar,Tunisia,Tunis
"University of Maryland, Baltimore County",United States of America,Baltimore
University of Pecs,Hungary,Pécs
Verona University,Italy,Verona
Babes-Bolyai University,Romania,Cluj-Napoca
Kasetsart University,Thailand,Bangkok
National University of Uzbekistan,Uzbekistan,Tashkent
Qassim University,Saudi Arabia,Buraydah
Texas Tech University,United States of America,Lubbock
The New School,United States of America,New York
Universidad de Belgrano,Argentina,Buenos Aires
Universidade Federal de Santa Catarina,Brazil,Florianópolis
University of Latvia,Latvia,Riga
University of Mons,Belgium,Mons
Zurich University of Applied Sciences (ZHAW),Switzerland,Zurich
Alfaisal University,Saudi Arabia,Riyadh
Ivane Javakhishvili Tbilisi State University,Georgia,Tbilisi
Keele University,United Kingdom of Great Britain and Northern Ireland,Keele
New Jersey Institute of Technology (NJIT),United States of America,Newark
Sechenov University,Russian Federation,Moscow
Universidad de Antioquia,Colombia,Medellín
University of Kentucky,United States of America,Lexington
University of New Mexico,United States of America,Mexico
Vellore Institute of Technology (VIT),India,Vellore
Wayne State University,United States of America,Wayne
Al-Ahliyya Amman University,Jordan,Amman
Alexandria University,Egypt,Alexandria
Ankara Üniversitesi,Türkiye,Ankara
Asia University Taiwan,"Taiwan, Province of China",Taichung
Donghua University,China,Shanghai
Belarusian National Technical University (BNTU),Belarus,Minsk
"Birla Institute of Technology and Science, Pilani",India,Pilani
Edinburgh Napier University,United Kingdom of Great Britain and Northern Ireland,Edinburgh
Gda?sk University of Technology,Poland,Gdańsk
Wuhan University of Technology,China,Wuhan
Immanuel Kant Baltic Federal University,Russian Federation,Kaliningrad
Instituto Politécnico Nacional (IPN),Mexico,Mexico City
Jouf University,Saudi Arabia,Sakakah
Khoja Akhmet Yassawi International Kazakh-Turkish University,Kazakhstan,Turkistan
Kuwait University,Kuwait,Kuwait City
Liverpool John Moores University,United Kingdom of Great Britain and Northern Ireland,Liverpool
London South Bank University,United Kingdom of Great Britain and Northern Ireland,London
Maynooth University,Ireland,Maynooth
"National Technical University of Ukraine ""Igor Sikorsky Kyiv Polytechnic Institute""",Ukraine,Kyiv
Lanzhou University,China,Lanzhou
Philipps-Universität Marburg,Germany,Marburg
Pontificia Universidad Católica de Valparaíso,Chile,Valparaíso
Rutgers University–Newark,United States of America,Newark
Syracuse University,United States of America,Syracuse
The Catholic University of Korea,"Korea, Republic of",Seoul
Toronto Metropolitan University,Canada,Toronto
TU Dortmund University,Germany,Dortmund
Universidad Anáhuac México,Mexico,Mexico City
Universidad Iberoamericana IBERO,Mexico,Mexico City
Universidad San Francisco de Quito (USFQ),Ecuador,Quito
Università degli Studi di Perugia,Italy,Perugia
Universitas Brawijaya,Indonesia,Malang
Universität Duisburg-Essen,Germany,Duisburg-Essen
Universität Rostock,Germany,Rostock
Université de Lorraine,France,Nancy
Universiti Tunku Abdul Rahman (UTAR),Malaysia,Kampar
University of Alaska Fairbanks,United States of America,Fairbanks
University of Alicante,Spain,Alicante
University of Baghdad,Iraq,Baghdad
University of Bari,Italy,Bari
University of Brighton,United Kingdom of Great Britain and Northern Ireland,Brighton
University of Bucharest,Romania,Bucharest
University of Hyderabad,India,Hyderabad
University of Oregon,United States of America,Oregon
University of Petroleum and Energy Studies (UPES),India,Dehradun
University of Salerno,Italy,Salerno
University of Stavanger,Norway,Stavanger
University of Ulsan,"Korea, Republic of",Ulsan
Northwest Agriculture and Forestry University,China,Yangling
AGH University of Science and Technology,Poland,Kraków
Al-Quds University,"Palestine, State of",Abu Dis
Applied Science Private University - Jordan,Jordan,Amman
Charles Sturt University,Australia,Bathurst
Chonnam National University,"Korea, Republic of",Gwangju
Chungnam National University,"Korea, Republic of",Daejeon
Clarkson University,United States of America,Potsdam
CY Cergy Paris University,France,Cergy
Beijing University of Technology,China,Beijing
Georgia State University,United States of America,Atlanta
Gulf University for Science and Technology,Kuwait,Kuwait City
Jamia Millia Islamia,India,New Delhi
Kansas State University,United States of America,Manhattan
Karaganda State Technical University,Kazakhstan,Karaganda
Kyrgyz Russian Slavic University,Kyrgyzstan,Bishkek
Mendel University in Brno,Czechia,Brno
Nagasaki University,Japan,Nagasaki
Beijing Jiaotong University,China,Beijing
North-West University,South Africa,Potchefstroom
Okayama University,Japan,Okayama
Oklahoma State University,United States of America,Stillwater
Pavol Jozef Šafárik University in Košice,Slovakia,Košice
Poznan University of Life Sciences,Poland,Poznań
Shahid Beheshti University (SBU),"Iran, Islamic Republic of",Tehran
Swarthmore College,United States of America,Swarthmore
Technological University Dublin,Ireland,Dublin
Thapar Institute of Engineering & Technology,India,Patiala
Tokyo University of Agriculture and Technology,Japan,Tokyo
Universidad de Valladolid,Spain,Valladolid
Universidad ORT Uruguay,Uruguay,Montevideo
Universita' degli Studi di Ferrara,Italy,Ferrara
Université de Nantes,France,Nantes
Université de Sherbrooke,Canada,Sherbrooke
Université du Québec,Canada,Quebec City
University at Albany SUNY,United States of America,Albany
University Duesseldorf,Germany,Düsseldorf
University of Dubai,United Arab Emirates,Dubai
UNIVERSITY OF GDANSK,Poland,Gdańsk
University of Ghana,Ghana,Accra
University of Hertfordshire,United Kingdom of Great Britain and Northern Ireland,Hatfield
University of Lincoln,United Kingdom of Great Britain and Northern Ireland,Lincoln
University of Mississippi,United States of America,Oxford
University of Palermo,Italy,Palermo
University of Santo Tomas,Philippines,Manila
University of South Africa,South Africa,Pretoria
University of Wroclaw,Poland,Wroclaw
"Vietnam National University, Hanoi",Viet Nam,Hanoi
Vilnius Gediminas Technical University,Lithuania,Vilnius
Virginia Commonwealth University,United States of America,Richmond
Yildiz Technical University,Türkiye,Istanbul
Australian Catholic University,Australia,Brisbane
China University of Geosciences,China,Wuhan
Harbin Engineering University,China,Harbin
Catania University,Italy,Catania
Future University in Egypt,Egypt,New Cairo
Gazi Üniversitesi,Türkiye,Ankara
Georgian Technical University,Georgia,Tbilisi
German Jordanian University,Jordan,Amman
Imam Mohammad Ibn Saud Islamic University – IMSIU,Saudi Arabia,Riyadh
Kanazawa University,Japan,Kanazawa
Karaganda Buketov University,Kazakhstan,Karaganda
Kyrgyz-Turkish Manas University,Kyrgyzstan,Bishkek
Louisiana State University,United States of America,Baton Rouge
Makerere University,Uganda,Kampala
"Manipal Academy of Higher Education, Manipal, Karnataka, India",India,Manipal
Michigan Technological University,United States of America,Houghton
National Research Saratov State University,Russian Federation,Saratov
Nicolaus Copernicus University,Poland,Toruń
North South University,Bangladesh,Dhaka
Osaka Metropolitan University,Japan,Osaka
Princess Sumaya University for Technology,Jordan,Amman
Ritsumeikan Asia Pacific University,Japan,Beppu
Robert Gordon University,United Kingdom of Great Britain and Northern Ireland,Aberdeen
South Ural State University (National Research University),Russian Federation,Chelyabinsk
Universidad Católica del Uruguay (UCU),Uruguay,Montevideo
"Universidad Central ""Marta Abreu"" de Las Villas",Cuba,Santa Clara
Universidad EAFIT,Colombia,Medellín
Universidad Externado de Colombia,Colombia,Bogotá
Universidad Nacional de Córdoba - UNC,Argentina,Córdoba
Universidad Nacional Mayor de San Marcos,Peru,Lima
Universidad Pontificia Bolivariana,Colombia,Medellín
Universidade Católica Portuguesa - UCP,Portugal,Lisbon
Universidade de Vigo,Spain,Vigo
Università degli Studi della Tuscia (University of Tuscia),Italy,Viterbo
Università degli studi Roma Tre,Italy,Rome
"University of Alabama, Birmingham",United States of America,Birmingham
University of Calabria,Italy,Rende
University of East London,United Kingdom of Great Britain and Northern Ireland,London
University of Hail,Saudi Arabia,Hail
University of Lodz,Poland,Łódź
University of Maribor,Slovenia,Maribor
University of Murcia,Spain,Murcia
University of Nairobi,Kenya,Nairobi
University of Peshawar,Pakistan,Peshawar
University of Salford,United Kingdom of Great Britain and Northern Ireland,Salford
University Paris 2 Panthéon-Assas,France,Paris
Viet Nam National University Ho Chi Minh City (VNU-HCM),Viet Nam,Ho Chi Minh City
Worcester Polytechnic Institute,United States of America,Worcester
Wroclaw University of Science and Technology (WRUST),Poland,Wroclaw
Yerevan State University,Armenia,Yerevan
Yokohama City University,Japan,Seto
Almaty Technological University,Kazakhstan,Almaty
Athens University of Economics and Business,Greece,Athens
Auburn University,United States of America,Auburn
Baku State University,Azerbaijan,Baku
Bina Nusantara University (BINUS),Indonesia,Jakarta
Clark University,United States of America,Worcester
Clemson University,United States of America,Clemson
D. Serikbayev East Kazakhstan state technical university,Kazakhstan,Almaty
Ferdowsi University of Mashhad,"Iran, Islamic Republic of",Mashhad
Financial University under the Government of the Russian Federation,Russian Federation,Moscow
Hallym University,"Korea, Republic of",Chuncheon
Indian Institute of Technology Bhubaneswar,India,Bhubaneswar
Instituto Tecnológico de Buenos Aires (ITBA),Argentina,Buenos Aires
Khon Kaen University,Thailand,Khon Kaen
King Mongkut's University of Technology Thonburi,Thailand,Bangkok
Kumamoto University,Japan,Kumamoto
Mansoura University,Egypt,Mansoura
Niigata University,Japan,Niigata
Northern Borders University,Saudi Arabia,Arar
Pontificia Universidad Católica del Ecuador (PUCE),Ecuador,Quito
Prince of Songkla University,Thailand,Hat Yai
"Queen Margaret University , Edinburgh",United Kingdom of Great Britain and Northern Ireland,Edinburgh
Rhodes University,South Africa,Grahamstown
Riga Stradins University,Latvia,Riga
S.D. Asfendiyarov Kazakh National Medical University,Kazakhstan,Almaty
Saveetha Institute of Medical and Technical Sciences (deemed to be university),India,Chennai
Sophia University,Japan,Tokyo
Southern Federal University,Russian Federation,Rostov-on-Don
St. Louis University,United States of America,St. Louis
The University of Alabama,United States of America,Tuscaloosa
The University of Lahore,Pakistan,Lahore
Universidad Autónoma Metropolitana (UAM),Mexico,Mexico City
Universidad de Córdoba - España,Spain,Córdoba
Universidad de La Sabana,Colombia,Chía
Universidad de León,Spain,León
Universidad de los Andes - Chile,Chile,Santiago
Universidad de San Andrés - UdeSA,Argentina,Buenos Aires
Universidad Nacional de Rosario (UNR),Argentina,Rosario
Universidad Técnica Federico Santa María (USM),Chile,Valparaíso
Universidad Torcuato Di Tella,Argentina,Buenos Aires
Université Sorbonne Paris Nord,France,Paris
Université Toulouse 1 Capitole,France,Toulouse
Universiti Pendidikan Sultan Idris (UPSI),Malaysia,Tanjung Malim
University of Bahrain,Bahrain,Sakhir
University of Central Lancashire,United Kingdom of Great Britain and Northern Ireland,Preston
University of Colombo,Sri Lanka,Colombo
University of Denver,United States of America,Denver
University of Parma,Italy,Parma
University of Regina,Canada,Regina
University of South Bohemia,Czechia,České Budějovice
University of the Western Cape,South Africa,Cape Town
Yarmouk University,Jordan,Irbid
Yeungnam University,"Korea, Republic of",Gyeongsan
Al-Azhar University,Egypt,Cairo
Aligarh Muslim University,India,Aligarh
Amity University,India,Noida
Amrita Vishwa Vidyapeetham,India,Coimbatore
An-Najah National University,"Palestine, State of",Nablus
"Arab Academy for Science, Technology and Maritime Transport",Egypt,Alexandria
Assiut University,Egypt,Assiut
Azerbaijan State Oil and Industry University,Azerbaijan,Baku
Azerbaijan State University of Economics,Azerbaijan,Baku
Banaras Hindu University,India,Varanasi
Baylor University,United States of America,Waco
Bielefeld University,Germany,Bielefeld
Binghamton University SUNY,United States of America,Binghamton
Birmingham City University,United Kingdom of Great Britain and Northern Ireland,Birmingham
BRAC University,Bangladesh,Dhaka
Brigham Young University,United States of America,Provo
Canterbury Christ Church University,United Kingdom of Great Britain and Northern Ireland,Canterbury
Chang Jung Christian University,"Taiwan, Province of China",Tainan
Chung Yuan Christian University,"Taiwan, Province of China",Taoyuan
Chungbuk National University,"Korea, Republic of",Cheongju
College of William and Mary,United States of America,Williamsburg
Corvinus University of Budapest,Hungary,Budapest
Cracow University of Technology (Politechnika Krakowska),Poland,Kraków
Dankook University,"Korea, Republic of",Yongin
EGE UNIVERSITY,Türkiye,Izmir
Escuela Superior Politécnica del Litoral (ESPOL),Ecuador,Guayaquil
Fordham University,United States of America,New York
Gebze Technical University (GTU),Türkiye,Gebze
George Mason University,United States of America,Mason
Gifu University,Japan,Gifu
Glasgow Caledonian University,United Kingdom of Great Britain and Northern Ireland,Glasgow
Gunma University,Japan,Maebashi
Guru Gobind Singh Indraprastha University,India,Delhi
Jilin University,China,Jilin
Nanjing Normal University,China,Nanjing
Howard University,United States of America,Howard
Hungarian University of Agriculture and Life Sciences,Hungary,Budapest
Indiana University–Purdue University Indianapolis,United States of America,Indianapolis
International Christian University,Japan,Tokyo
International Islamic University Islamabad (IIU),Pakistan,Islamabad
Islamic University of Madinah,Saudi Arabia,Medina
"ITESO, Universidad Jesuita de Guadalajara",Mexico,Guadalajara
Jiangnan University,China,Wuxi
Kagoshima University,Japan,Kagoshima
Kangwon National University,"Korea, Republic of",Chuncheon
Kazakh-British Technical University,Kazakhstan,Almaty
Kent State University,United States of America,Kent
Kyushu Institute of Technology,Japan,Kitakyushu
Leeds Beckett University,United Kingdom of Great Britain and Northern Ireland,Leeds
Lobachevsky University,Russian Federation,Nizhny Novgorod
Lodz University of Technology,Poland,Łódź
London Metropolitan University,United Kingdom of Great Britain and Northern Ireland,London
Loyola University Chicago,United States of America,Chicago
Lviv Polytechnic National University,Ukraine,Lviv
Marmara University,Türkiye,Istanbul
Mississippi State University,United States of America,Starkville
Multimedia University (MMU),Malaysia,Cyberjaya
Mustansiriyah University,Iraq,Baghdad
Mutah University,Jordan,Karak
Mykolas Romeris University,Lithuania,Vilnius
Southwest University,China,Beibei
Narxoz University,Kazakhstan,Almaty
National Chung Cheng University,"Taiwan, Province of China",Chiayi
"National Technical University ""Kharkiv Polytechnic Institute""",Ukraine,Kharkiv
National University of Kyiv-Mohyla Academy (NaUKMA),Ukraine,Kyiv
NJSC KIMEP University,Kazakhstan,Almaty
Northern Arizona University,United States of America,Flagstaff
Northwest University (China),China,Xi'an
O.P. Jindal Global University,India,Sonipat
Ohio University,United States of America,Athens
Panjab University,India,Chandigarh
Paul Valéry University Montpellier,France,Montpellier
Pontifícia Universidade Católica de São Paulo,Brazil,São Paulo
Pozna? University of Technology,Poland,Poznań
Rochester Institute of Technology (RIT),United States of America,Rochester
Russian Presidential Academy of National Economy and Public Administration,Russian Federation,Moscow
Saint Petersburg Electrotechnical University ETU-LETI,Russian Federation,Saint Petersburg
Saint-Petersburg Mining University,Russian Federation,Saint Petersburg
Samara National Research University (Samara University),Russian Federation,Samara
San Diego State University,United States of America,San Diego
Sheffield Hallam University,United Kingdom of Great Britain and Northern Ireland,Sheffield
Shinshu University,Japan,Asahi
"Siberian Federal University, SibFU",Russian Federation,Krasnoyarsk
Silesian University of Technology,Poland,Gliwice
Slovak University of Agriculture in Nitra,Slovakia,Nitra
Slovak University of Technology in Bratislava,Slovakia,Bratislava
Sohar University,Oman,Sohar
Soonchunhyang University,"Korea, Republic of",Asan
Southern Methodist University,United States of America,Dallas
Hohai University,China,Nanjing
SRM INSTITUTE OF SCIENCE AND TECHNOLOGY,India,Chennai
Sumy State University,Ukraine,Sumy
Sungshin Women's University,"Korea, Republic of",Seoul
Széchenyi István University,Hungary,Győr
Taibah University,Saudi Arabia,Medina
Tallinn University,Estonia,Tallinn
Technical University of Kosice,Slovakia,Kosice
Tecnológico de Costa Rica -TEC,Costa Rica,Cartago
Telkom University,Indonesia,Bandung
The Hashemite University,Jordan,Zarqa
The University of Northampton,United Kingdom of Great Britain and Northern Ireland,Northampton
The University of Texas at Arlington,United States of America,Arlington
Tokushima University,Japan,Tokushima
Tokyo Metropolitan University,Japan,Tokyo
Universidad Andrés Bello,Chile,Santiago
Universidad Austral de Chile,Chile,Valdivia
Universidad Autónoma Chapingo,Mexico,Texcoco
Universidad Autónoma de Nuevo León,Mexico,Monterrey
Universidad Autónoma del Estado de México (UAEMex),Mexico,Toluca
Universidad de Castilla-La Mancha,Spain,Albacete
Universidad de Guadalajara (UDG),Mexico,Guadalajara
Universidad de La Frontera (UFRO),Chile,Temuco
Universidad de las Américas Puebla (UDLAP),Mexico,Cholula
Universidad de Lima,Peru,Lima
Universidad de Los Andes - (ULA) Mérida,"Venezuela, Bolivarian Republic of",Mérida
Universidad de Oviedo,Spain,Oviedo
Universidad de Puerto Rico,Puerto Rico,San Juan
Universidad de Talca,Chile,Talca
Universidad del Norte,Colombia,Barranquilla
Universidad del Pacífico,Peru,Lima
Universidad del Valle,Colombia,Cali
Universidad Diego Portales (UDP),Chile,Santiago
Universidad ICESI,Colombia,Cali
Universidad Nacional de Cuyo,Argentina,Mendoza
Universidad Nacional de la Asunción,Paraguay,Asunción
Universidad Nacional de San Luis,Argentina,San Luis
Universidad Nacional del Centro de la Provincia de Buenos Aires (UNICEN),Argentina,Tandil
Universidad Peruana Cayetano Heredia (UPCH),Peru,Lima
Universidad Rey Juan Carlos,Spain,Madrid
Universidad Simón Bolívar (USB),"Venezuela, Bolivarian Republic of",Caracas
Universidad Tecnológica de Panamá (UTP),Panama,Panama City
Universidad Tecnológica Nacional (UTN),Argentina,Buenos Aires
Universidade da Coruña,Spain,A Coruña
Universidade Federal de Pernambuco (UFPE),Brazil,Recife
Universidade Federal de São Carlos (UFSCar),Brazil,São Carlos
Universidade Federal do Paraná - UFPR,Brazil,Curitiba
Universidade Federal Fluminense,Brazil,Niterói
"Universita' degli Studi ""G. d'Annunzio"" Chieti Pescara",Italy,Chieti
Università degli Studi di Udine,Italy,Udine
Università del Salento,Italy,Lecce
Universitas Hasanuddin,Indonesia,Makassar
Universitas Sebelas Maret,Indonesia,Surakarta
Universitat de Lleida,Spain,Lleida
Universität Siegen,Germany,Siegen
Université de Caen Normandie,France,Caen
Université de Poitiers,France,Poitiers
Université de Sfax,Tunisia,Sfax
Université de Sousse,Tunisia,Sousse
Université de Toulouse II-Le Mirail,France,Toulouse
Université de Tunis,Tunisia,Tunis
Université Lumière Lyon 2,France,Lyon
Université Mohammed V de Rabat,Morocco,Rabat
Université Paris-Nanterre,France,Paris
Universiti Malaysia Sabah (UMS),Malaysia,Kota Kinabalu
Universiti Malaysia Sarawak (UNIMAS),Malaysia,Kota Samarahan
Universiti Malaysia Terengganu (UMT),Malaysia,Kuala Terengganu
Universiti Tun Hussein Onn University of Malaysia (UTHM),Malaysia,Batu Pahat
University of Arkansas Fayetteville,United States of America,Fayetteville
University of Derby,United Kingdom of Great Britain and Northern Ireland,Derby
University of Deusto,Spain,Bilbao
University of Hradec Kralove,Czechia,Hradec Králové
University of Ibadan,Nigeria,Ibadan
University of Idaho,United States of America,Moscow
University of Ioannina,Greece,Ioannina
University of Karachi,Pakistan,Karachi
University of Khartoum,Sudan,Khartoum
University of Lagos,Nigeria,Lagos
University of Louisville,United States of America,Louisville
University of Massachusetts Boston,United States of America,Boston
"University of Missouri, Kansas City",United States of America,Kansas City
University of Naples Parthenope,Italy,Naples
University of New England Australia,Australia,Armidale
University of New Hampshire,United States of America,Durham
University of North Carolina at Charlotte,United States of America,Charlotte
University of North Texas,United States of America,Denton
University of Novi Sad,Serbia,Novi Sad
University of Rhode Island,United States of America,Washington
University of Sarajevo,Bosnia and Herzegovina,Sarajevo
University of Seoul,"Korea, Republic of",Seoul
University of Tabuk,Saudi Arabia,Tabuk
University of Texas at San Antonio,United States of America,San Antonio
University of Texas El Paso,United States of America,El Paso
University of the Free State,South Africa,Bloemfontein
University of the Sunshine Coast,Australia,Sunshine Coast
University of Toledo,United States of America,Toledo
University of Tulsa,United States of America,Tulsa
University of Vermont,United States of America,Prospect
University of Warmia and Mazury in Olsztyn,Poland,Olsztyn
University of Wolverhampton,United Kingdom of Great Britain and Northern Ireland,Wolverhampton
University of Wyoming,United States of America,Wyoming
University of Žilina,Slovakia,Žilina
Utah State University,United States of America,Logan
VSB - Technical University of Ostrava,Czechia,Ostrava
Warsaw University of Life Sciences – SGGW (WULS-SGGW),Poland,Warsaw
West Virginia University,United States of America,Morgantown
Xi'an Jiaotong Liverpool University,China,Suzhou
Yokohama National University,Japan,Yokohama
Al-Balqa Applied University,Jordan,Al-Salt
Alexandru Ioan Cuza University,Romania,Iași
Anadolu University,Türkiye,Eskişehir
Aoyama Gakuin University,Japan,Tokyo
Ataturk University,Türkiye,Erzurum
Atma Jaya Catholic University Jakarta,Indonesia,Jakarta
Bahauddin Zakariya University,Pakistan,Multan
Beijing Foreign Studies University,China,Beijing
Beijing University of Chinese Medicine,China,Beijing
Belarusian State University of Informatics and Radioelectronics,Belarus,Minsk
Benemérita Universidad Autónoma de Puebla,Mexico,Puebla
Birzeit university,"Palestine, State of",Ramallah
British University in Egypt,Egypt,Cairo
Brock University,Canada,St. Catharines
Central Michigan University,United States of America,Mount Pleasant
Chaoyang University of Technology,"Taiwan, Province of China",Taichung
China University of Political Science and Law,China,Beijing
Chitkara University,India,Rajpura
Chittagong University of Engineering and Technology,Bangladesh,Chittagong
Cleveland State University,United States of America,Cleveland
Cukurova University,Türkiye,Adana
CUNY The City College of New York,United States of America,New York
Daffodil International University,Bangladesh,Dhaka
Damascus University,Syrian Arab Republic,Damascus
Dokuz Eylül Üniversitesi,Türkiye,Izmir
Doshisha University,Japan,Kyoto
Erciyes Üniversitesi,Türkiye,Kayseri
Escuela Politécnica Nacional,Ecuador,Quito
Feng Chia University,"Taiwan, Province of China",Taichung
Florida Atlantic University - Boca Raton,United States of America,Boca Raton
Fu Jen Catholic University,"Taiwan, Province of China",New Taipei
Fundación CEU San Pablo,Spain,Madrid
German University in Cairo,Egypt,New Cairo
Hanoi University of Science and Technology,Viet Nam,Hanoi
Harper Adams University,United Kingdom of Great Britain and Northern Ireland,Newport
Helwan University,Egypt,Helwan
Hongik University,"Korea, Republic of",Seoul
Hue University,Viet Nam,Hue
Instituto Tecnológico de Santo Domingo (INTEC),Dominican Republic,Santo Domingo
Istanbul Aydin University,Türkiye,Istanbul
Istanbul Bilgi Üniversitesi,Türkiye,Istanbul
Ivan Franko National University of Lviv,Ukraine,Lviv
Izmir Institute of Technology (IZTECH),Türkiye,Izmir
Jahangirnagar University,Bangladesh,Savar
Jamia Hamdard,India,New Delhi
Jeju National University,"Korea, Republic of",Jeju
Kazakh Ablai Khan University of International Relations and World Languages,Kazakhstan,Almaty
Kazan National Research Technological University,Russian Federation,Kazan
Kenyatta University,Kenya,Nairobi
Kharkiv National University of Radio Electronics,Ukraine,Kharkiv
Khulna University,Bangladesh,Khulna
Khulna University of Engineering and Technology,Bangladesh,Khulna
Kindai University (Kinki University),Japan,Higashi-Osaka
King Mongkut\'s Institute of Technology Ladkrabang,Thailand,Bangkok
King Mongkut's University of Technology North Bangkok,Thailand,Bangkok
Kookmin University,"Korea, Republic of",Seoul
Kwame Nkrumah University of Science and Technology,Ghana,Kumasi
Kyoto Institute of Technology,Japan,Kyoto
Kyrgyz State Technical University,Kyrgyzstan,Bishkek
Marquette University,United States of America,Marquette
Meiji University,Japan,Tokyo
Mendeleev University of Chemical Technology,Russian Federation,Moscow
Miami University,United States of America,Miami
Moscow Pedagogical State University,Russian Federation,Moscow
Nagoya Institute of Technology (NIT),Japan,Nagoya
National Dong Hwa University,"Taiwan, Province of China",Hualien
National Research University Moscow Power Engineering Institute (MPEI),Russian Federation,Moscow
National Taipei University,"Taiwan, Province of China",Taipei
National Taiwan Ocean University,"Taiwan, Province of China",Keelung
Novosibirsk State Technical University,Russian Federation,Novosibirsk
Óbuda University,Hungary,Budapest
Odessa I.I. Mechnikov National University,Ukraine,Odessa
OSMANIA UNIVERSITY,India,Hyderabad
Perm State National Research University,Russian Federation,Perm
Pondicherry University,India,Pondicherry
Pontificia Universidad Catolica Madre y Maestra,Dominican Republic,Santiago
Pontifícia Universidade Católica do Rio Grande do Sul (PUCRS),Brazil,Porto Alegre
Portland State University,United States of America,Portland
Pukyong National University,"Korea, Republic of",Busan
Rajshahi University,Bangladesh,Rajshahi
Rikkyo University,Japan,Tokyo
Saitama University,Japan,Saitama
Saken Seifullin Kazakh Agrotechnical University,Kazakhstan,Kyzylorda
San Francisco State University,United States of America,San Francisco
Sathyabama Institute of Science and Technology (deemed to be university),India,Chennai
Seattle University,United States of America,Seattle
Seoul National University of Science and Technology,"Korea, Republic of",Seoul
Shahjalal University of Science and Technology,Bangladesh,Sylhet
Shanghai International Studies University,China,Shanghai
Shanghai University of Finance and Economics,China,Shanghai
Siksha 'O' Anusandhan (Deemed to be University),India,Bhubaneswar
Sookmyung Women's University,"Korea, Republic of",Seoul
Suez Canal University,Egypt,Suez
Suleyman Demirel University,Türkiye,Isparta
"Suleyman Demirel University, Kazakhstan",Kazakhstan,Almaty
Suranaree University of Technology,Thailand,Nakhon Ratchasima
Tamkang University,"Taiwan, Province of China",New Taipei
Tanta University,Egypt,Tanta
Technical University of Cluj-Napoca,Romania,Cluj-Napoca
Technical University of Liberec,Czechia,Liberec
Technical University of Lublin,Poland,Lublin
Technische Universität Kaiserslautern,Germany,Kaiserslautern
"The ""Gheorghe Asachi"" Technical University of Iasi",Romania,Iasi
The Herzen State Pedagogical University of Russia,Russian Federation,St. Petersburg
The Josip Juraj Strossmayer University of Osijek,Croatia,Osijek
"The National Research University ""Belgorod State University""",Russian Federation,Belgorod
Tokai University,Japan,Hiratsuka
Tomas Bata University in Zlin,Czechia,Zlín
Toraighyrov University,Kazakhstan,Kokshetau
Transilvania University of Brasov,Romania,Brasov
Tunghai University,"Taiwan, Province of China",Taichung
Universidad Autónoma de Guadalajara (UAG),Mexico,Guadalajara
Universidad Autónoma del Estado de Hidalgo (UAEH),Mexico,Pachuca
Universidad Católica del Norte,Chile,Antofagasta
Universidad Central del Ecuador,Ecuador,Quito
Universidad de Las Américas (UDLA) Ecuador,Ecuador,Quito
Universidad de Monterrey (UDEM),Mexico,Monterrey
Universidad de Oriente Santiago de Cuba,Cuba,Santiago de Cuba
Universidad de Panama,Panama,Panama City
Universidad de Piura,Peru,Piura
Universidad de San Carlos de Guatemala - USAC,Guatemala,Guatemala City
Universidad de Tarapaca,Chile,Arica
Universidad de Valparaíso (UV),Chile,Valparaíso
Universidad del Bío-Bío,Chile,Concepción
Universidad del Desarrollo (UDD),Chile,Santiago
Universidad del Salvador,Argentina,Buenos Aires
Universidad del Zulia,"Venezuela, Bolivarian Republic of",Maracaibo
Universidad Industrial de Santander - UIS,Colombia,Bucaramanga
Universidad La Salle (ULSA),Mexico,Monterrey
Universidad Latinoamericana de Ciencia y Tecnología Costa Rica (ULACIT),Costa Rica,San José
Universidad Mayor de San Andrés (UMSA),"Bolivia, Plurinational State of",La Paz
Universidad Metropolitana,"Venezuela, Bolivarian Republic of",Caracas
Universidad Nacional Agraria la Molina,Peru,Lima
Universidad Nacional Autónoma de Honduras (UNAH),Honduras,Tegucigalpa
Universidad Nacional de Ingeniería Peru,Peru,Lima
Universidad Nacional de Mar del Plata,Argentina,Mar del Plata
Universidad Nacional de Río Cuarto - UNRC,Argentina,Río Cuarto
Universidad Nacional de San Martín (UNSAM),Argentina,San Martín
Universidad Nacional del Litoral,Argentina,Santa Fe
Universidad Nacional del Sur,Argentina,Bahía Blanca
"Universidad Nacional, Costa Rica",Costa Rica,Heredia
Universidad Peruana de Ciencias Aplicadas,Peru,Lima
Universidade do Estado do Rio de Janeiro (UERJ),Brazil,Rio de Janeiro
Universidade Federal da Bahia,Brazil,Salvador
Universidade Federal de Juiz de Fora- (UFJF),Brazil,Juiz de Fora
Universidade Federal de Pelotas,Brazil,Pelotas
Universidade Federal de Santa Maria,Brazil,Santa Maria
Universidade Federal de Viçosa (UFV),Brazil,Viçosa
Universidade Federal do Ceará (UFC),Brazil,Fortaleza
Universidade Federal do Rio Grande Do Norte,Brazil,Natal
Universidade Presbiteriana Mackenzie,Brazil,São Paulo
Università degli studi di Bergamo,Italy,Bergamo
Universitas Islam Indonesia,Indonesia,Yogyakarta
Universitas Muhammadiyah Yogyakarta,Indonesia,Yogyakarta
Universitas Pendidikan Indonesia,Indonesia,Bandung
Universitas Sumatera Utara,Indonesia,Medan
Universitatea de Vest din Timisoara / West University of Timisoara,Romania,Timisoara
Université de Limoges,France,Limoges
Université Jean Moulin Lyon 3,France,Lyon
Universiti Kuala Lumpur (UniKL),Malaysia,Kuala Lumpur
Universiti Malaysia Perlis,Malaysia,Kangar
Universiti Teknikal Malaysia Melaka,Malaysia,Melaka
University of Babylon,Iraq,Hillah
University of Basrah,Iraq,Basrah
University of Bialystok,Poland,Bialystok
University of International Business and Economics,China,Beijing
University of Kragujevac,Serbia,Kragujevac
University of Kufa,Iraq,Kufa
University of Memphis,United States of America,Memphis
University of Miskolc,Hungary,Miskolc
University of Missouri Saint Louis,United States of America,St. Louis
University of Niš,Serbia,Niš
University of North Carolina at Greensboro,United States of America,Greensboro
University of Ostrava,Czechia,Ostrava
University of Pannonia,Hungary,Veszprém
University of Pardubice,Czechia,Pardubice
University of Peradeniya,Sri Lanka,Peradeniya
University of Primorska,Slovenia,Koper
University of Rijeka,Croatia,Rijeka
University of Rzeszów,Poland,Rzeszów
University of San Diego,United States of America,San Diego
University of San Francisco,United States of America,San Francisco
University of Silesia in Katowice,Poland,Katowice
University of South Alabama (USA),United States of America,Mobile
University of Split,Croatia,Split
University of Sri Jayewardenepura,Sri Lanka,Nugegoda
University of the Pacific,United States of America,Stockton
University of Tyumen,Russian Federation,Tyumen
University of West Bohemia,Czechia,Pilsen
University of Wisconsin Milwaukee,United States of America,Milwaukee
University POLITEHNICA of Bucharest,Romania,Bucharest
Vancouver Island University,Canada,Nanaimo
Voronezh State University,Russian Federation,Voronezh
Western Michigan University,United States of America,Kalamazoo
Yamaguchi University,Japan,Yamaguchi
Yogyakarta State University,Indonesia,Yogyakarta
Youngsan University,"Korea, Republic of",Ulsan
Yuan Ze University,"Taiwan, Province of China",Taoyuan
Zagazig University,Egypt,Zagazig
Don State Technical University,Russian Federation,Rostov-on-Don
Akdeniz Üniversitesi,Türkiye,Antalya
California Polytechnic State University,United States of America,San Luis Obispo
California State University - Los Angeles,United States of America,Los Angeles
"California State University, Long Beach",United States of America,Long Beach
Católica de Córdoba,Argentina,Córdoba
East West University,Bangladesh,Dhaka
Fundación Universidad De Bogotá-Jorge Tadeo Lozano,Colombia,Bogotá
Humboldt State University,United States of America,Arcata
Illinois State University,United States of America,Normal
"Indian Institute of Information Technology, Allahabad",India,Allahabad
Indiana State University,United States of America,Terre Haute
"International University of Business, Agriculture and Technology (IUBAT)",Bangladesh,Dhaka
Irkutsk State University,Russian Federation,Irkutsk
Korkyt Ata Kyzylorda University,Kazakhstan,Kyzylorda
Kwansei Gakuin University,Japan,Nishinomiya
Lucian Blaga University of Sibiu,Romania,Sibiu
M.Kh. Dulaty Taraz Regional University,Kazakhstan,Taraz
MIREA - Russian Technological University,Russian Federation,Moscow
Moscow City University,Russian Federation,Moscow
Naresuan University,Thailand,Phitsanulok
National University of Life and Environmental Sciences of Ukraine,Ukraine,Uman
"National University of Modern Languages (NUML), Islamabad",Pakistan,Islamabad
Nova Southeastern University,United States of America,Fort Lauderdale
Pontifícia Universidade Católica de Minas Gerais – PUC Minas,Brazil,Belo Horizonte
Pontificia Universidade Católica do Campinas - PUC Campinas,Brazil,Campinas
Pontifícia Universidade Católica do Paraná,Brazil,Curitiba
Russian State Agrarian University - Moscow Timiryazev Agricultural Academy,Russian Federation,Moscow
Russian State University for the Humanities,Russian Federation,Moscow
Sakarya University,Türkiye,Sakarya
Shanghai Normal University,China,Shanghai
Shibaura Institute of Technology,Japan,Tokyo
Silpakorn University,Thailand,Bangkok
Soochow University (Taiwan),"Taiwan, Province of China",Taipei
Soongsil University,"Korea, Republic of",Seoul
Stamford University Bangladesh,Bangladesh,Dhaka
State University of Malang,Indonesia,Malang
Stefan cel Mare University of Suceava,Romania,Suceava
"The University of Notre Dame, Australia",Australia,Fremantle
Udayana University,Indonesia,Denpasar
United International University,Bangladesh,Dhaka
Universidad Alberto Hurtado,Chile,Santiago
Universidad Autónoma de Aguascalientes,Mexico,Aguascalientes
Universidad Autónoma de Baja California,Mexico,Mexicali
Universidad Autónoma de Chile,Chile,Santiago
Universidad Autónoma de Querétaro (UAQ),Mexico,Querétaro
Universidad Autónoma de San Luis de Potosí,Mexico,San Luis Potosí
Universidad Autonoma de Yucatan,Mexico,Mérida
Universidad Autónoma del Estado de Morelos (UAEM),Mexico,Cuernavaca
Universidad Bernardo O'Higgins,Chile,Santiago
"Universidad Católica Boliviana ""San Pablo""","Bolivia, Plurinational State of",La Paz
Universidad Católica de Colombia,Colombia,Bogotá
Universidad Católica de La Santísima Concepción - UCSC,Chile,Concepción
Universidad Católica de Santiago de Guayaquil,Ecuador,Guayaquil
Universidad Católica de Temuco,Chile,Temuco
Universidad Central de Chile,Chile,Santiago
Universidad de Caldas,Colombia,Manizales
Universidad de Carabobo,"Venezuela, Bolivarian Republic of",Valencia
Universidad de Cartagena,Colombia,Cartagena
Universidad de Córdoba - Colombia,Colombia,Montería
Universidad de Cuenca,Ecuador,Cuenca
Universidad de Guanajuato,Mexico,Guanajuato
Universidad de La Salle,Colombia,Bogotá
Universidad de La Serena,Chile,La Serena
Universidad de las Fuerzas Armadas ESPE (Ex - Escuela Politécnica del Ejército),Ecuador,Quito
Universidad de Medellín,Colombia,Medellín
Universidad de Santander - UDES,Colombia,Bucaramanga
Universidad de Sonora,Mexico,Hermosillo
Universidad del Cauca,Colombia,Popayán
Universidad del Valle de Mexico (UVM),Mexico,Mexico City
Universidad Michoacana de San Nicolás de Hidalgo,Mexico,Morelia
Universidad Nacional de Quilmes,Argentina,Quilmes
Universidad Nacional de Tucumán,Argentina,San Miguel de Tucumán
Universidad Nacional del Comahue,Argentina,Neuquén
UNIVERSIDAD POLITECNICA SALESIANA,Ecuador,Quito
Universidad Popular Autónoma del Estado de Puebla (UPAEP),Mexico,Puebla
Universidad San Ignacio de Loyola,Peru,Lima
Universidad Tecnica Particular De Loja (UTPL),Ecuador,Loja
Universidad Tecnológica de Bolívar,Colombia,Cartagena
"Universidad Tecnológica de la Habana José Antonio Echeverría, Cujae",Cuba,Havana
Universidad Tecnológica de Pereira,Colombia,Pereira
Universidad Veracruzana,Mexico,Xalapa
Universidade do Estado de Santa Catarina,Brazil,Florianópolis
Universidade Estadual de Londrina,Brazil,Londrina
Universidade Federal da Paraíba,Brazil,João Pessoa
Universidade Federal de Goiás,Brazil,Goiânia
Universidade Federal de Uberlândia,Brazil,Uberlândia
Universidade Federal do Estado do Rio de Janeiro - UNIRIO,Brazil,Rio de Janeiro
Universidade Federal do Parà - UFPA,Brazil,Belém
Universitas Andalas,Indonesia,Padang
Universitas Kristen Petra,Indonesia,Surabaya
Universitas Muhammadiyah Surakarta,Indonesia,Surakarta
Universiti Sains Islam Malaysia,Malaysia,Nilai
University of Central Oklahoma,United States of America,Edmond
University of Craiova,Romania,Craiova
University of Lampung,Indonesia,Bandar Lampung
University of Mataram,Indonesia,Mataram
University of Montana Missoula,United States of America,Missoula
University of Oradea,Romania,Oradea
University of San Carlos,Philippines,Cebu
"University Politehnica of Timisoara, UPT",Romania,Timisoara
Western Washington University,United States of America,Washington