university,country,city
University of South Africa,South Africa,Pretoria
Cairo University,Egypt,Cairo
National Autonomous University of Mexico,Mexico,Mexico
Alexandria University,Egypt,Alexandria
Ain Shams University,Egypt,Cairo
National Polytechnic Institute,Mexico,Mexico
Zagazig University,Egypt,Zagazig
Mansoura University,Egypt,Mansoura
Tunis El Manar University,Tunisia,Tunis
University of São Paulo,Brazil,São Paulo
University of Toronto,Canada,Toronto
Sapienza University of Rome,Italy,Rome
"Texas A&M University, College Station",United States,College Station
Aix-Marseille University,France,Marseille
Jilin University,China,Jilin
Zhengzhou University,China,Zhengzhou
Ankara University,Turkey,Ankara
University of Lille,France,Lille
University of Melbourne,Australia,Melbourne
Shandong University,China,Jinan
University of Bologna,Italy,Bologna
Zhejiang University,China,Hangzhou
University of Lorraine,France,Nancy
Central South University,China,Changsha
"Open University, UK",United Kingdom,Milton Keynes
Istanbul University,Turkey,Istanbul
University of British Columbia,Canada,Vancouver
Ohio State University,United States,Columbus
Université Paris Cité,France,Paris
University of Turin,Italy,Turin
Monash University,Australia,Melbourne
University of Texas at Arlington,United States,Arlington
Complutense University of Madrid,Spain,Madrid
National University of Córdoba,Argentina,Córdoba
Wuhan University,China,Wuhan
New York University,United States,New York
National and Kapodistrian University of Athens,Greece,Athens
University of Zagreb,Croatia,Zagreb
Tsinghua University,China,Beijing
Huazhong University of Science and Technology,China,Wuhan
University of Central Florida,United States,Florida
Federal University of Rio de Janeiro,Brazil,Castro
University of Queensland,Australia,Brisbane
Sichuan University,China,Chengdu
University of Texas at Austin,United States,Austin
Sun Yat-sen University,China,Guangzhou
University of Bordeaux,France,Bordeaux
Wuhan University of Technology,China,Wuhan
University of Tehran,Iran,Tehran
Southwest University,China,Beibei
University of Seville,Spain,Seville
National University of Colombia,Colombia,Colombia
University of Granada,Spain,Granada
Taif University,Saudi Arabia,Taif
Peking University,China,Beijing
Aristotle University of Thessaloniki,Greece,Thessaloniki
Université Grenoble Alpes,France,Grenoble
KU Leuven,Belgium,Leuven
University of Lisbon,Portugal,Lisbon
"University of Michigan, Ann Arbor",United States,Ann Arbor
University of Naples Federico II,Italy,Naples
Charles University in Prague,Czech Republic,Prague
University of Washington,United States,Seattle
University of Florida,United States,Florida
University of Valencia,Spain,Valencia
Arizona State University,United States,Tempe
Nanchang University,China,Nanchang
Waseda University,Japan,Tokyo
University of Arizona,United States,Tucson
Pennsylvania State University,United States,State College
Purdue University,United States,West Lafayette
University of Illinois at Urbana–Champaign,United States,Urbana
Western Sydney University,Australia,Sydney
Goethe University Frankfurt,Germany,Frankfurt
Hacettepe University,Turkey,Ankara
University of Strasbourg,France,Strasbourg
Florida State University,United States,Florida
York University,Canada,Toronto
Xi'an Jiaotong University,China,Xi'an
University of Sydney,Australia,Sydney
Ege University,Turkey,Izmir
Jinan University,China,Jinan
University of Barcelona,Spain,Barcelona
University of Minnesota - Twin Cities,United States,Minneapolis
Henan University,China,Kaifeng
University of New South Wales,Australia,Sydney
University of Padova,Italy,Padova
Shaanxi Normal University,China,Xi'an
"Rutgers, The State University of New Jersey - New Brunswick",United States,Brunswick
RWTH Aachen University,Germany,Aachen
Sorbonne University,France,Paris
Kunming University of Science and Technology,China,Kunming
Andrés Bello University,Chile,Santiago
University of Southern California,United States,Los Angeles
"University of California, Los Angeles",United States,Los Angeles
University of Brasília,Brazil,Brasília
Sichuan Agricultural University,China,Ya'an
University of North Texas,United States,Denton
Indiana University Bloomington,United States,Bloomington
South China University of Technology,China,Guangzhou
University of Cincinnati,United States,Cincinnati
South China Agricultural University,China,Guangzhou
Guangdong University of Technology,China,Guangzhou
Henan University of Science and Technology,China,Luoyang
Macquarie University,Australia,Sydney
Chongqing University,China,Chongqing
Ruhr University Bochum,Germany,Bochum
Hefei University of Technology,China,Hefei
Qingdao University,China,Qingdao
University of Amsterdam,Netherlands,Amsterdam
Technical University of Munich,Germany,Munich
"University of California, Berkeley",United States,Berkeley
University of Alabama - Tuscaloosa,United States,Tuscaloosa
Shandong University of Science and Technology,China,Jinan
Soochow University,China,Suzhou
Dalian University of Technology,China,Dalian
Southwest Jiaotong University,China,Chengdu
University of Duisburg-Essen,Germany,Duisburg
Shanghai Jiao Tong University,China,Shanghai
Harvard University,United States,Cambridge
Norwegian University of Science and Technology - NTNU,Norway,Trondheim
Guizhou University,China,Guiyang
Swinburne University of Technology,Australia,Melbourne
University of Chile,Chile,Santiago
Tongji University,China,Shanghai
University of Wisconsin–Madison,United States,Madison
University of Houston,United States,Houston
Texas Tech University,United States,Lubbock
Tianjin University,China,Tianjin
Yangzhou University,China,Yangzhou
Ghent University,Belgium,Ghent
Federal University of Bahia,Brazil,Salvador
Federal University of Minas Gerais,Brazil,Belo Horizonte
University of Ottawa,Canada,Ottawa
Georgia State University,United States,Atlanta
Guangxi University,China,Nanning
University of South Florida,United States,Florida
"University of California, San Diego",United States,San Diego
São Paulo State University,Brazil,São Paulo
Brigham Young University,United States,Provo
Polytechnic University of Madrid,Spain,Madrid
Georgia Institute of Technology,United States,Atlanta
Federal University of Rio Grande do Sul,Brazil,Porto Alegre
Xiamen University,China,Xiamen
North University of China,China,Taiyuan
Federal University of Santa Catarina,Brazil,Florianópolis
Chulalongkorn University,Thailand,Bangkok
Fudan University,China,Shanghai
Taiyuan University of Technology,China,Taiyuan
University of Erlangen–Nuremberg,Germany,Erlangen
Oregon State University,United States,Oregon
University of Bonn,Germany,Bonn
"Northeastern University, China",China,Shenyang
Henan Normal University,China,Xinxiang
Virginia Tech,United States,Blacksburg
San Diego State University,United States,San Diego
Shanghai University,China,Shanghai
King Saud University,Saudi Arabia,Riyadh
University of South Carolina - Columbia,United States,Columbia
University of Ljubljana,Slovenia,Ljubljana
University of Copenhagen,Denmark,Copenhagen
University of Georgia,United States,Athens
Colorado State University,United States,Fort Collins
"University of California, Davis",United States,Davis
University of Manchester,United Kingdom,Manchester
Nantes University,France,Nantes
University of Montpellier,France,Montpellier
Shandong Normal University,China,Jinan
Florida Atlantic University,United States,Boca Raton
University of Cologne,Germany,Cologne
Southwest Petroleum University,China,Chengdu
University of the Basque Country,Spain,Bilbao
University of Colorado Boulder,United States,Boulder
University of Montreal,Canada,Montreal
University of Waterloo,Canada,Waterloo
North-West University,South Africa,Potchefstroom
Southeast University,China,Nanjing
University of Málaga,Spain,Málaga
University of Côte d'Azur,France,Nice
University of Science and Technology of China,China,Hefei
South China Normal University,China,Guangzhou
Nanjing University,China,Nanjing
National Research University Higher School of Economics,Russia,Moscow
Istanbul Technical University,Turkey,Istanbul
University of Düsseldorf,Germany,Düsseldorf
Hunan University,China,Changsha
University of Pretoria,South Africa,Pretoria
Xidian University,China,Xi'an
University of Munich,Germany,Munich
Harbin Institute of Technology,China,Harbin
Michigan State University,United States,Lansing
East China Normal University,China,Shanghai
Fuzhou University,China,Fuzhou
Lanzhou University,China,Lanzhou
Deakin University,Australia,Geelong
"University of Nevada, Las Vegas",United States,Paradise
Queensland University of Technology,Australia,Brisbane
Polytechnic University of Milan,Italy,Milan
Shenzhen University,China,Shenzhen
"University of California, Irvine",United States,Irvine
Chiang Mai University,Thailand,Chiang Mai
University of Rome Tor Vergata,Italy,Rome
Utrecht University,Netherlands,Utrecht
University of Salerno,Italy,Salerno
University College London,United Kingdom,London
Nanjing Tech University,China,Nanjing
University of Florence,Italy,Florence
Federal University of Ceará,Brazil,Fortaleza
University of Auckland,New Zealand,Auckland
Federal University of Paraná,Brazil,Curitiba
"University of Maryland, College Park",United States,College Park
University of South China,China,Hengyang
Kindai University,Japan,Osaka
Technical University of Dortmund,Germany,Dortmund
Chang'an University,China,Xi'an
Federal University of Goiás,Brazil,Goiânia
Leiden University,Netherlands,Leiden
Florida International University,United States,Florida
Guangzhou University,China,Guangzhou
Federal University of Pernambuco,Brazil,Recife
Ohio University,United States,Athens
RMIT University,Australia,Melbourne
Louisiana State University - Baton Rouge,United States,Baton Rouge
University of Pisa,Italy,Pisa
Yanshan University,China,Qinhuangdao
North China Electric Power University,China,Changping
University of Vienna,Austria,Vienna
Johns Hopkins University,United States,Baltimore
China University of Mining and Technology (Xuzhou),China,Xuzhou
Virginia Commonwealth University,United States,Richmond
University of Groningen,Netherlands,Groningen
University of Warsaw,Poland,Warsaw
Manchester Metropolitan University,United Kingdom,Manchester
Columbia University,United States,New York
Keio University,Japan,Tokyo
University of Nottingham,United Kingdom,Nottingham
COMSATS University Islamabad,Pakistan,Islamabad
Kent State University,United States,Kent
Autonomous University of Barcelona,Spain,Barcelona
Utah State University,United States,Logan
Jiangsu University,China,Zhenjiang
University of Colorado at Denver,United States,Denver
King Abdulaziz University,Saudi Arabia,Jeddah
McMaster University,Canada,Hamilton
University of Electronic Science and Technology of China,China,Chengdu
Australian Catholic University,Australia,Brisbane
University of Porto,Portugal,Porto
Polytechnic University of Turin,Italy,Turin
University of Utah,United States,Salt Lake City
Jagiellonian University,Poland,Kraków
Hunan Normal University,China,Changsha
North Carolina State University,United States,Carolina
Wuhan University of Science and Technology,China,Wuhan
Hohai University,China,Nanjing
"University of Oklahoma, Norman",United States,Norman
Qingdao University of Science and Technology,China,Qingdao
University of Birmingham,United Kingdom,Birmingham
Northwest A&F University,China,Taicheng
Roma Tre University,Italy,Rome
University of KwaZulu-Natal,South Africa,Durban
University of Leeds,United Kingdom,Leeds
University of Campinas,Brazil,Campinas
University of Alberta,Canada,Edmonton
Johannes Gutenberg University Mainz,Germany,Mainz
George Mason University,United States,Mason
Beihang University,China,Beijing
Wayne State University,United States,Wayne
Nankai University,China,Shanghai
University of Technology Sydney,Australia,Sydney
University of Exeter,United Kingdom,Exeter
University of Parma,Italy,Parma
University of Helsinki,Finland,Helsinki
University of South Australia,Australia,Adelaide
Pontifical Catholic University of Chile,Chile,Santiago
University of Hamburg,Germany,Hamburg
"University of Tennessee, Knoxville",United States,Knoxville
Paris-Saclay University,France,Paris
McGill University,Canada,Montreal
Erasmus University Rotterdam,Netherlands,Rotterdam
Federal University of Santa Maria,Brazil,Santa Maria
Leipzig University,Germany,Leipzig
Shanxi University,China,Taiyuan
Adam Mickiewicz University in Poznań,Poland,Poznań
University of Kentucky,United States,Lexington
Université catholique de Louvain,Belgium,Louvain-la-Neuve
Fujian Normal University,China,Fuzhou
National University of Singapore,Singapore,Singapore
University of Murcia,Spain,Murcia
VU Amsterdam,Netherlands,Amsterdam
Nanjing University of Aeronautics and Astronautics,China,Nanjing
University of Göttingen,Germany,Göttingen
Huaqiao University,China,Quanzhou
Nantong University,China,Nantong
Griffith University,Australia,Griffith
University of Münster,Germany,Münster
University of Edinburgh,United Kingdom,Edinburgh
Hebei University of Technology,China,Tianjin
Autonomous University of Madrid,Spain,Madrid
University of Zurich,Switzerland,Zurich
Beijing Jiaotong University,China,Beijing
Huazhong Agricultural University,China,Wuhan
Temple University,United States,Temple
Shanghai Normal University,China,Shanghai
University of Texas at El Paso,United States,El Paso
Anhui University,China,Hefei
Central China Normal University,China,Wuhan
Northern Arizona University,United States,Flagstaff
University of Massachusetts Amherst,United States,Amherst
University of Connecticut,United States,Storrs
China University of Geosciences (Wuhan),China,Wuhan
University of Bari,Italy,Bari
University of Milan,Italy,Milan
Claude Bernard University Lyon 1,France,Lyon
University of Palermo,Italy,Palermo
Technical University of Dresden,Germany,Dresden
University of Manitoba,Canada,Winnipeg
Laval University,Canada,Quebec
Northeast Normal University,China,Changchun
Lomonosov Moscow State University,Russia,Lomonosov
Jiangnan University,China,Wuxi
Nanjing University of Science and Technology,China,Nanjing
Northwestern Polytechnical University,China,Xi'an
University of North Carolina at Chapel Hill,United States,Chapel Hill
Boston University,United States,Boston
Hebei University,China,Baoding
Iowa State University,United States,Ames
Beijing Institute of Technology,China,Beijing
Nanjing University of Information Science & Technology,China,Nanjing
Catholic University of the Sacred Heart,Italy,Milan
University of Nebraska–Lincoln,United States,Lincoln
University of Texas at Dallas,United States,Richardson
AGH University of Science and Technology,Poland,Kraków
Nottingham Trent University,United Kingdom,Nottingham
University of Virginia,United States,Charlottesville
Justus Liebig University Giessen,Germany,Giessen
University of Calgary,Canada,Calgary
Mahidol University,Thailand,Bangkok
King's College London,United Kingdom,London
Northeast Agricultural University,China,Harbin
University of Tokyo,Japan,Tokyo
Northeastern University,United States,Boston
Polytechnic University of Valencia,Spain,Valencia
Auburn University,United States,Auburn
University of Rennes,France,Rennes
Nanjing Normal University,China,Nanjing
Concordia University,Canada,Montreal
University of Patras,Greece,Patras
Clemson University,United States,Clemson
Western University,Canada,London
University of Concepción,Chile,Concepción
Old Dominion University,United States,Norfolk
Nanjing Agricultural University,China,Nanjing
Fujian Agriculture and Forestry University,China,Fuzhou
University at Buffalo,United States,Buffalo
University of the Punjab,Pakistan,Lahore
University of Iowa,United States,Iowa City
University of Tübingen,Germany,Tübingen
Curtin University,Australia,Perth
Seoul National University,Korea,Seoul
Ocean University of China,China,Qingdao
China University of Petroleum (East China),China,Qingdao
Masaryk University,Czech Republic,Brno
University of the Witwatersrand,South Africa,Johannesburg
Carleton University,Canada,Ottawa
Queen's University,Canada,Kingston
Harbin Engineering University,China,Harbin
Cardiff University,United Kingdom,Cardiff
University of Oslo,Norway,Oslo
Aarhus University,Denmark,Aarhus
University of Glasgow,United Kingdom,Glasgow
Zhejiang University of Technology,China,Hangzhou
Yunnan University,China,Kunming
University of Science and Technology Beijing,China,Beijing
Lund University,Sweden,Lund
Karlsruhe Institute of Technology,Germany,Karlsruhe
National Taiwan University,China,Taipei
Université libre de Bruxelles,Belgium,Brussels
University of Texas at San Antonio,United States,San Antonio
Stockholm University,Sweden,Stockholm
Nanjing University of Posts and Telecommunications,China,Nanjing
University of Liverpool,United Kingdom,Liverpool
University of Ferrara,Italy,Ferrara
Sungkyunkwan University,Korea,Seoul
Renmin University of China,China,Beijing
East China University of Science and Technology,China,Shanghai
University of Missouri–Columbia,United States,Columbia
Radboud University,Netherlands,Nijmegen
Beijing University of Posts and Telecommunications,China,Beijing
Simon Fraser University,Canada,Burnaby
University of Milano-Bicocca,Italy,Milan
University of Marburg,Germany,Marburg
University of Johannesburg,South Africa,Johannesburg
Kiel University,Germany,Kiel
Edith Cowan University,Australia,Perth
University of Illinois at Chicago,United States,Chicago
Saint Petersburg University,Russia,Saint Petersburg
Ural Federal University,Russia,Ural
University of Alicante,Spain,Alicante
"University of California, Santa Barbara",United States,Santa Barbara
Taras Shevchenko National University of Kyiv,Ukraine,Shevchenko
University of Pittsburgh,United States,Pittsburgh
Eötvös Loránd University,Hungary,Budapest
Uppsala University,Sweden,Uppsala
University of Stuttgart,Germany,Stuttgart
Newcastle University,United Kingdom,Newcastle upon Tyne
University of Zaragoza,Spain,Zaragoza
Bielefeld University,Germany,Bielefeld
"University of California, Riverside",United States,Riverside
Cornell University,United States,Ithaca
University of Alabama at Birmingham,United States,Birmingham
Northwestern University,United States,Evanston
Zhejiang Normal University,China,Jinhua
Technical University of Catalonia (UPC),Spain,Girona
University of Sheffield,United Kingdom,Sheffield
Xi'an University of Technology,China,Xi'an
University of Catania,Italy,Catania
La Trobe University,Australia,Melbourne
University of Shanghai for Science and Technology,China,Shanghai
University of Arkansas - Fayetteville,United States,Fayetteville
University of Castilla–La Mancha,Spain,Ciudad Real
Stony Brook University,United States,Stony Brook
Nanyang Technological University,Singapore,Singapore
West Virginia University,United States,Morgantown
Chongqing Medical University,China,Chongqing
Stellenbosch University,South Africa,Stellenbosch
Washington State University,United States,Washington
Beijing Normal University,China,Beijing
Tel Aviv University,Israel,Tel Aviv
University of Perugia,Italy,Perugia
University of Louisville,United States,Louisville
University of Salamanca,Spain,Salamanca
University of Santiago de Compostela,Spain,Santiago de Compostela
University of Pavia,Italy,Pavia
Delhi University,India,Delhi
Kansas State University,United States,Manhattan
University of Coimbra,Portugal,Coimbra
Pusan National University,Korea,Busan
University of Warwick,United Kingdom,Coventry
University of Bristol,United Kingdom,Bristol
Dalian Maritime University,China,Dalian
Mississippi State University,United States,Starkville
"University of Nevada, Reno",United States,Reno
Leibniz University Hannover,Germany,Hanover
Kyungpook National University,Korea,Daegu
University of Kansas,United States,Lawrence
Princess Nourah bint Abdulrahman University,Saudi Arabia,Riyadh
University of Hong Kong,China,Hong Kong
University of Portsmouth,United Kingdom,Portsmouth
Ningbo University,China,Ningbo
University of Liège,Belgium,Liège
Chengdu University,China,Chengdu
University of Tabriz,Iran,Tabriz
University of Würzburg,Germany,Würzburg
University of Wuppertal,Germany,Wuppertal
Beijing University of Chemical Technology,China,Beijing
Federal University of Pelotas,Brazil,Pelotas
Indiana University – Purdue University Indianapolis,United States,Indianapolis
Kangwon National University,Korea,Chuncheon
University of Poitiers,France,Poitiers
"Northwest University, Xi'an",China,Xi'an
Warsaw University of Technology,Poland,Warsaw
University of Newcastle,Australia,Newcastle
University of New Mexico,United States,Mexico
Korea University,Korea,Seoul
Zhejiang Sci-Tech University,China,Hangzhou
Nanjing Forestry University,China,Nanjing
Technical University of Berlin,Germany,Berlin
Kyoto University,Japan,Kyoto
University College Dublin,Ireland,Dublin
Georgetown University,United States,Washington
Chonnam National University,Korea,Gwangju
ETH Zurich,Switzerland,Zurich
University of Toledo,United States,Toledo
University of Pennsylvania,United States,Philadelphia
University of Valladolid,Spain,Valladolid
Donghua University,China,Shanghai
Hubei University,China,Wuhan
Osaka University,Japan,Osaka
Northumbria University,United Kingdom,Newcastle upon Tyne
China Agricultural University,China,Beijing
University of Guelph,Canada,Guelph
Beijing University of Technology,China,Beijing
University of Calabria,Italy,Rende
Chungnam National University,Korea,Daejeon
University of Oregon,United States,Oregon
University of Cape Town,South Africa,Cape Town
Jeonbuk National University,Korea,Jeonju
Comenius University Bratislava,Slovak Republic,Bratislava
George Washington University,United States,Washington
Shaanxi University of Science and Technology,China,Xi'an
Oklahoma State University,United States,Stillwater
University of Delaware,United States,Delaware
University of Adelaide,Australia,Adelaide
University of Freiburg,Germany,Freiburg
University of Genoa,Italy,Genoa
University of Minho,Portugal,Braga
Durham University,United Kingdom,Durham
University of Wisconsin–Milwaukee,United States,Milwaukee
University of Southern Denmark,Denmark,Odense
Carlos III University of Madrid,Spain,Madrid
University of Southern Queensland,Australia,Toowoomba
"University of Science, Malaysia",Malaysia,Penang
University of Oviedo,Spain,Oviedo
Hong Kong Polytechnic University,China,Hong Kong
University of Oxford,United Kingdom,Oxford
Liverpool John Moores University,United Kingdom,Liverpool
Syracuse University,United States,Syracuse
Queen's University Belfast,United Kingdom,Belfast
University of Southampton,United Kingdom,Southampton
Pompeu Fabra University,Spain,Barcelona
Kyung Hee University,Korea,Seoul
Hangzhou Dianzi University,China,Hangzhou
National Cheng Kung University,China,Tainan
University of Extremadura,Spain,Badajoz
University of La Laguna,Spain,San Cristóbal de La Laguna
Imperial College London,United Kingdom,London
Yeungnam University,Korea,Gyeongsan
Changzhou University,China,Changzhou
Hanyang University,Korea,Seoul
University of Potsdam,Germany,Potsdam
Technical University of Braunschweig,Germany,Braunschweig
"Putra University, Malaysia",Malaysia,Serdang
Heidelberg University,Germany,Heidelberg
Ben-Gurion University of the Negev,Israel,Beersheba
Baylor University,United States,Waco
Czech University of Life Sciences Prague,Czech Republic,Prague
Southern Medical University,China,Foshan
James Cook University,Australia,Townsville
University of Cambridge,United Kingdom,Cambridge
University of Verona,Italy,Verona
Drexel University,United States,Philadelphia
University of Szeged,Hungary,Szeged
NOVA University of Lisbon,Portugal,Lisbon
University of Gothenburg,Sweden,Gothenburg
Queen Mary University of London,United Kingdom,London
Czech Technical University in Prague,Czech Republic,Prague
University of Hertfordshire,United Kingdom,Hatfield
Binghamton University,United States,Binghamton
University of Strathclyde,United Kingdom,Glasgow
"University of California, Santa Cruz",United States,Santa Cruz
Loyola University Chicago,United States,Chicago
Palacký University Olomouc,Czech Republic,Olomouc
Beijing Forestry University,China,Beijing
Inha University,Korea,Incheon
University of Missouri-Kansas City,United States,Kansas City
Federal University of São Carlos,Brazil,São Carlos
Tokyo University of Science,Japan,Tokyo
"University of Córdoba, Spain",Spain,Córdoba
University of Greenwich,United Kingdom,London
University of Wollongong,Australia,Wollongong
Aligarh Muslim University,India,Aligarh
Delft University of Technology,Netherlands,Delft
City College of New York,United States,York
Kyushu University,Japan,Fukuoka
University of Central Lancashire,United Kingdom,Preston
University of Miami,United States,Miami
Linköping University,Sweden,Linköping
University of Otago,New Zealand,Dunedin
Hokkaido University,Japan,Sapporo
University of Kent,United Kingdom,Canterbury
University of Cádiz,Spain,Cádiz
University of Western Australia,Australia,Perth
Friedrich Schiller University Jena,Germany,Jena
Budapest University of Technology and Economics,Hungary,Budapest
Duke University,United States,Durham
Auckland University of Technology,New Zealand,Auckland
University of Sussex,United Kingdom,Brighton
Swansea University,United Kingdom,Swansea
Technical University of Darmstadt,Germany,Darmstadt
University of Bremen,Germany,Bremen
University of Bath,United Kingdom,Bath
University of Alcalá,Spain,Alcalá de Henares
Yonsei University,Korea,Seoul
National Yang Ming Chiao Tung University,China,
University College Cork,Ireland,Cork
University of Modena and Reggio Emilia,Italy,Modena
Tohoku University,Japan,Sendai
University of Vigo,Spain,Vigo
Umeå University,Sweden,Umeå
"China University of Geosciences, Beijing",China,Beijing
Australian National University,Australia,Canberra
"The Chinese University of Hong Kong, Shenzhen",China,Shenzhen
Bar-Ilan University,Israel,Ramat Gan
Loughborough University,United Kingdom,Loughborough
University of Trieste,Italy,Trieste
University of Saskatchewan,Canada,Saskatoon
National University of Malaysia,Malaysia,Bangi
University of Victoria,Canada,Victoria
University of York,United Kingdom,York
Dalhousie University,Canada,Dalhousie
University of Thessaly,Greece,Volos
University of Tsukuba,Japan,Tsukuba
Fujian Medical University,China,Fuzhou
Aalborg University,Denmark,Aalborg
University of Geneva,Switzerland,Geneva
Maastricht University,Netherlands,Maastricht
Anhui Medical University,China,Hefei
Federal University of Viçosa,Brazil,Viçosa
China Medical University (Shenyang),China,Shenyang
University of New Hampshire,United States,Durham
Victoria University of Wellington,New Zealand,Wellington
Trinity College Dublin,Ireland,Dublin
University of Tromsø – The Arctic University of Norway,Norway,Tromsø
Wenzhou Medical University,China,Wenzhou
University of Antwerp,Belgium,Antwerp
Copenhagen Business School,Denmark,Copenhagen
University of Haifa,Israel,Haifa
Saint Louis University,United States,Saint Louis
University of East Anglia,United Kingdom,Norwich
Vilnius University,Lithuania,Vilnius
University of Plymouth,United Kingdom,Plymouth
Ewha Womans University,Korea,Seoul
Stanford University,United States,Stanford
Hebrew University of Jerusalem,Israel,Jerusalem
PSL University,France,Paris
University of the Sunshine Coast,Australia,Sunshine Coast
University of Chicago,United States,Chicago
Osaka Metropolitan University,Japan,Osaka
Boston College,United States,Boston
Vellore Institute of Technology,India,Vellore
China University of Petroleum-Beijing,China,Beijing
University of Reading,United Kingdom,Reading
Memorial University of Newfoundland,Canada,Saint John
University of Rhode Island,United States,Washington
University of Canberra,Australia,Canberra
Rutgers University,United States,New Brunswick
Kobe University,Japan,Kobe
Nanjing Medical University,China,Nanjing
Harbin Medical University,China,Harbin
"University of Maryland, Baltimore County",United States,Baltimore
University of Sherbrooke,Canada,Sherbrooke
"University at Albany, SUNY",United States,Albany
University of Bergen,Norway,Bergen
Qatar University,Qatar,Doha
Flinders University,Australia,Flinders
Nagoya University,Japan,Nagoya
National Chung Hsing University,China,Taichung
University of Lausanne,Switzerland,Lausanne
Vrije Universiteit Brussel (VUB),Belgium,Brussels
Brunel University London,United Kingdom,London
University of Hawaii at Manoa,United States,Honolulu
University of Girona,Spain,Girona
China Pharmaceutical University,China,Nanjing
University of Malaya,Malaysia,Kuala Lumpur
University of Jaén,Spain,Jaén
Washington University in St. Louis,United States,Washington
University of Surrey,United Kingdom,Guildford
Nanjing University of Chinese Medicine,China,Nanjing
University of Leicester,United Kingdom,Leicester
University of Regina,Canada,Regina
Dublin City University,Ireland,Dublin
Technion – Israel Institute of Technology,Israel,Haifa
China University of Mining & Technology-Beijing,China,Beijing
Hiroshima University,Japan,Hiroshima
Federal University of São Paulo,Brazil,São Paulo
Rovira i Virgili University,Spain,Tarragona
National Tsing Hua University,China,Hsinchu
Yale University,United States,New Haven
University of Dundee,United Kingdom,Dundee
University of Canterbury,New Zealand,Christchurch
Massey University,New Zealand,Palmerston North
University of Essex,United Kingdom,Colchester
Hebei Medical University,China,Shijiazhuang
Carnegie Mellon University,United States,Pittsburgh
University of Limerick,Ireland,Limerick
Gdańsk University of Technology,Poland,Gdańsk
University of Brescia,Italy,Brescia
National Technical University of Athens,Greece,Athens
University of Crete,Greece,Rethymno
University of Aveiro,Portugal,Aveiro
University of Hull,United Kingdom,Hull
University of Idaho,United States,Moscow
University of Innsbruck,Austria,Innsbruck
University of Wyoming,United States,Wyoming
Wageningen University & Research,Netherlands,Wageningen
University of Galway,Ireland,Galway
Murdoch University,Australia,Perth
Chiba University,Japan,Chiba
University of Turku,Finland,Turku
University of Tasmania,Australia,Hobart
Liaoning University of Technology,China,Jinzhou
University of Eastern Piedmont,Italy,Vercelli
KTH Royal Institute of Technology,Sweden,Stockholm
Iran University of Science and Technology,Iran,Tehran
New Jersey Institute of Technology,United States,Newark
Lancaster University,United Kingdom,Lancaster
Okayama University,Japan,Okayama
University of Maine,United States,Orono
University of Siena,Italy,Siena
University of Trento,Italy,Trento
University of Aberdeen,United Kingdom,Aberdeen
University of Notre Dame,United States,Notre Dame
Emory University,United States,Atlanta
Southern Methodist University,United States,Dallas
Tufts University,United States,Medford
Dalian Medical University,China,Dalian
Vanderbilt University,United States,Nashville
Xi'an Jiaotong-Liverpool University,China,Suzhou
University of Ulsan,Korea,Ulsan
University of Navarra,Spain,Pamplona
Shahid Beheshti University of Medical Sciences,Iran,Tehran
University of Graz,Austria,Graz
Tehran University of Medical Sciences,Iran,Tehran
Shantou University,China,Shantou
University of Eastern Finland,Finland,Joensuu
University of Macau,China,Macau
University of Alaska Fairbanks,United States,Fairbanks
Jaume I University,Spain,Castelló de la Plana
Konkuk University,Korea,Seoul
University of the Balearic Islands,Spain,Palma
Sejong University,Korea,Seoul
University of Vermont,United States,Prospect
Macau University of Science and Technology,China,Macau
"University of Natural Resources and Life Sciences, Vienna",Austria,Vienna
Tulane University,United States,New Orleans
Aalto University,Finland,Espoo
Case Western Reserve University,United States,Cleveland
National Central University,China,Taoyuan
University of Udine,Italy,Udine
Asia University,China,Taichung
Massachusetts Institute of Technology,United States,Cambridge
Otto von Guericke University Magdeburg,Germany,Magdeburg
Amirkabir University of Technology,Iran,Tehran
University of Basel,Switzerland,Basel
London School of Economics and Political Science,United Kingdom,London
Guangzhou Medical University,China,Guangzhou
University of Bern,Switzerland,Bern
Saveetha Institute of Medical and Technical Sciences (Deemed to be University),India,Chennai
Capital Medical University,China,Beijing
Semmelweis University,Hungary,Budapest
University of Jyväskylä,Finland,Jyväskylä
University of Oulu,Finland,Oulu
Brown University,United States,Providence
Universitat de Lleida,Spain,Lleida
Marche Polytechnic University,Italy,Ancona
Shinshu University,Japan,Asahi
École Polytechnique Fédérale de Lausanne,Switzerland,Lausanne
Vienna University of Technology,Austria,Vienna
University of Rochester,United States,Rochester
Ulm University,Germany,Ulm
"Royal Holloway, University of London",United Kingdom,London
University of Cantabria,Spain,Santander
Heriot-Watt University,United Kingdom,Edinburgh
University of Salzburg,Austria,Salzburg
Graz University of Technology,Austria,Graz
Tianjin Medical University,China,Tianjin
Ajou University,Korea,Suwon
CUNY Graduate School and University Center,United States,New York
Tokyo Institute of Technology,Japan,Tokyo
Örebro University,Sweden,Örebro
Kumamoto University,Japan,Kumamoto
University of Stirling,United Kingdom,Stirling
University of St Andrews,United Kingdom,St Andrews
Augusta University,United States,Augusta
Chalmers University of Technology,Sweden,Gothenburg
Korea Advanced Institute of Science and Technology,Korea,Daejeon
Sharif University of Technology,Iran,Tehran
University of Iceland,Iceland,Reykjavik
University of Hohenheim,Germany,Stuttgart
Technical University of Denmark,Denmark,Lyngby
Indian Institute of Technology Madras,India,Madras
City University of Hong Kong,China,Hong Kong
Indian Institute of Technology Kharagpur,India,Kharagpur
National Taiwan University of Science and Technology,China,Taipei
Hong Kong University of Science and Technology,China,Hong Kong
Nagasaki University,Japan,Nagasaki
"University of California, Merced",United States,Merced
University of Waikato,New Zealand,Hamilton
Eindhoven University of Technology,Netherlands,Eindhoven
Thomas Jefferson University,United States,Jefferson
University of Tartu,Estonia,Tartu
Kitasato University,Japan,Tokyo
American University of Beirut,Lebanon,Beirut
Karolinska Institute,Sweden,Stockholm
Wake Forest University,United States,Winston-Salem
Hallym University,Korea,Chuncheon
Princeton University,United States,Princeton
Lakehead University,Canada,Orillia
Tilburg University,Netherlands,Tilburg
Bangor University,United Kingdom,Bangor
Rice University,United States,Houston
National Sun Yat-sen University,China,
Rensselaer Polytechnic Institute,United States,Troy
"Birkbeck, University of London",United Kingdom,London
University of Bayreuth,Germany,Bayreuth
University of Twente,Netherlands,Enschede
"University of Maryland, Baltimore",United States,Baltimore
Indian Institute of Technology Roorkee,India,Roorkee
Hong Kong Baptist University,China,Hong Kong
Tokushima University,Japan,Tokushima
Indian Institute of Technology Delhi,India,Delhi
"China Medical University, Taiwan",China,Taichung
Novosibirsk State University,Russia,Novosibirsk
Chang Gung University,China,Taoyuan
Medical University of Vienna,Austria,Vienna
Lehigh University,United States,Bethlehem
University of Konstanz,Germany,Konstanz
King Fahd University of Petroleum and Minerals,Saudi Arabia,Dhahran
University of Fribourg,Switzerland,Fribourg
Indian Institute of Technology Kanpur,India,Kanpur
Dartmouth College,United States,Hanover
University of Cyprus,Cyprus,Nicosia
Peking Union Medical College,China,Beijing
University of Texas Health Science Center at Houston,United States,Houston
Kaohsiung Medical University,China,
Colorado School of Mines,United States,Golden
Johannes Kepler University Linz,Austria,Linz
Taipei Medical University,China,
Norwegian University of Life Sciences,Norway,Ås
Hasselt University,Belgium,Hasselt
Moscow Institute of Physics and Technology,Russia,Moscow
Brandeis University,United States,Waltham
Southern University of Science and Technology,China,Shenzhen
Yokohama City University,Japan,Seto
Sunway University,Malaysia,Petaling Jaya
University of Luxembourg,Luxembourg,Luxemburg
Juntendo University,Japan,Tokyo
Indian Institute of Science,India,Bangalore
Ulsan National Institute of Science and Technology,Korea,Ulsan
University of Texas Medical Branch,United States,Galveston
University of Texas Health Science Center at San Antonio,United States,San Antonio
USI - University of Italian-speaking Switzerland,Switzerland,Lugano
Swedish University of Agricultural Sciences,Sweden,Uppsala
"St George's, University of London",United Kingdom,London
University of Tennessee Health Science Center,United States,Memphis
Medical University of South Carolina,United States,Carolina
Medical University of Graz,Austria,Graz
Oregon Health & Science University,United States,Oregon
Rush University,United States,Chicago
ShanghaiTech University,China,Shanghai
Pohang University of Science and Technology,Korea,Pohang
University of Nebraska Medical Center,United States,Omaha
"University of California, San Francisco",United States,San Francisco
Tokyo Medical and Dental University,Japan,Tokyo
Medical University of Innsbruck,Austria,Innsbruck
Vita-Salute San Raffaele University,Italy,Milan
Kanazawa University,Japan,Kanazawa
University of Texas Southwestern Medical Center at Dallas,United States,Dallas
California Institute of Technology,United States,Pasadena
Royal Veterinary College,United Kingdom,London
Ecole Normale Superieure - Lyon,France,Lyon
SUNY Downstate Medical Center,United States,York
Amherst College,United States,Amherst
Baylor College of Medicine,United States,Houston
Medical College of Wisconsin,United States,Watertown
Mayo Clinic College of Medicine and Science,United States,Rochester
Icahn School of Medicine at Mount Sinai,United States,Manhattan
University of Massachusetts Chan Medical School,United States,Worcester
Scuola Normale Superiore di Pisa,Italy,Pisa
University of Texas MD Anderson Cancer Center,United States,Anderson
Graduate University for Advanced Studies,Japan,Hayama
Rockefeller University,United States,New York
International School for Advanced Studies,Italy,Trieste
Carl von Ossietzky University of Oldenburg,Germany,Oldenburg
University of Mannheim,Germany,Mannheim
Sofia University,Bulgaria,Sofia
Tokyo Metropolitan University,Japan,Tokyo
Quaid-i-Azam University,Pakistan,Islamabad
Isfahan University of Technology,Iran,Isfahan
"Graduate School, GRINM",China,Beijing
Niigata University,Japan,Niigata
Khalifa University,United Arab Emirates,Abu Dhabi
Boğaziçi University,Turkey,Istanbul
Montana State University - Bozeman,United States,Bozeman
University of Messina,Italy,Messina
University of Québec at Montreal,Canada,Montreal
University of Greifswald,Germany,Greifswald
Henryk Niewodniczański Institute of Nuclear Physics,Poland,Kraków
University of Texas Rio Grande Valley,United States,Edinburg
University of Seoul,Korea,Seoul
Shandong Agricultural University,China,Tai'an
University of Oldenburg,Germany,Oldenburg
University of Campania Luigi Vanvitelli,Italy,Caserta
University of Arkansas for Medical Sciences,United States,Little Rock
Miguel Hernández University of Elche,Spain,Elche
Dong-A University,Korea,Busan
Addis Ababa University,Ethiopia,Addis Ababa
University of Debrecen,Hungary,Debrecen
University of Cagliari,Italy,Cagliari
Academy of Scientific & Innovative Research,India,Ghaziabad
Catholic University of Korea,Korea,Seoul
CINVESTAV,Mexico,Mexico
Centrale Lille Institut,France,Lille
Cold Spring Harbor Laboratory,United States,Spring
National University of La Plata,Argentina,La Plata
University of Stavanger,Norway,Stavanger
University of Picardie Jules Verne,France,Amiens
Toulouse INP,France,Toulouse
University of North Carolina at Charlotte,United States,Charlotte
Qilu University of Technology,China,Jinan
Hangzhou Normal University,China,Hangzhou
University of Massachusetts Boston,United States,Boston
Tokyo University of Agriculture and Technology,Japan,Tokyo
Istanbul University-Cerrahpaşa,Turkey,Istanbul
University of Burgundy,France,Dijon
Tomsk Polytechnic University,Russia,Tomsk
Courtauld Institute of Art,United Kingdom,London
American University,United States,Washington
Gazi University,Turkey,Ankara
Changsha University of Science and Technology,China,Changsha
Institut national de la recherche scientifique,Canada,Quebec
Westlake University,China,Hangzhou
Southern Illinois University Carbondale,United States,Carbondale
University of Jinan,China,Jinan
University of Lübeck,Germany,Lübeck
National University of Malaysia (UKM),Malaysia,Bangi
Jean Monnet University,France,Saint-Étienne
Panjab University,India,Chandigarh
Gifu University,Japan,Gifu
Central Party School of the Communist Party of China,China,Beijing
Haverford College,United States,Haverford
Homi Bhabha National Institute,India,Mumbai
Tarbiat Modares University,Iran,Tehran
Shandong First Medical University,China,Jinan
Chung-Ang University,Korea,Seoul
Institut national des sciences appliquées de Lyon,France,Lyon
Chungbuk National University,Korea,Cheongju
Middle East Technical University,Turkey,Ankara
Air Force Medical University,China,Xi'an
St. Petersburg Federal Research Center of the Russian Academy of Sciences,Russia,Saint Petersburg
"China Medical University, PRC",China,Shenyang
Tomsk State University,Russia,Tomsk
Dongguk University,Korea,Seoul
"University of Technology, Malaysia",Malaysia,Johor Bahru
Hainan University,China,Haikou
College of William & Mary,United States,Williamsburg
University of Angers,France,Angers
National Research Nuclear University MEPhI,Russia,Moscow
Wenzhou University,China,Wenzhou
Toulouse 1 Capitole University,France,Toulouse
Getúlio Vargas Foundation,Brazil,Rio de Janeiro
University of Western Brittany,France,Brest
Oswaldo Cruz Foundation,Brazil,Cruz
London Business School,United Kingdom,London
Swarthmore College,United States,Swarthmore
University of Caen Normandy,France,Caen
Keele University,United Kingdom,Keele
"Institute of Cancer Research, University of London",United Kingdom,London
Jiangsu University of Science and Technology,China,Zhenjiang
Naval Medical University,China,Shanghai
Gustave Eiffel University,France,Paris
Budker Institute of Nuclear Physics of the Siberian Branch of the Russian Academy of Sciences,Russia,Novosibirsk
Joint Institute for Nuclear Research,Russia,Dubna
Tata Institute of Fundamental Research,India,Mumbai
Cranfield University,United Kingdom,Cranfield
University of St.Gallen,Switzerland,St. Gallen
Rouen Normandy University,France,Rouen
Uniformed Services University of the Health Sciences,United States,Bethesda
Stockholm School of Economics,Sweden,Stockholm
Rio de Janeiro State University,Brazil,Rio de Janeiro
New Mexico State University,United States,Mexico
Jawaharlal Nehru Centre for Advanced Scientific Research,India,Bangalore
Illinois Institute of Technology,United States,Chicago
Tokai University,Japan,Hiratsuka
Gwangju Institute of Science and Technology,Korea,Gwangju
University of Montana,United States,Missoula
"University of Science and Technology, Korea",Korea,Daejeon
"University of the Andes, Colombia",Colombia,Colombia
University Paris-Est Créteil,France,Créteil
Antioch College,United States,Antioch
University of Brighton,United Kingdom,Brighton
L.D. Landau Institute for Theoretical Physics of the Russian Academy of Sciences,Russia,Moscow
Indian Institute of Technology Bombay,India,Bombay
Hitotsubashi University,Japan,Tokyo
University of Insubria,Italy,Varese
University of Salento,Italy,Lecce
Shizuoka University,Japan,Shizuoka
University of A Coruña,Spain,A Coruña
Makerere University,Uganda,Kampala
Humanitas University,Italy,Milan
Polytechnic University of Bucharest,Romania,Bucharest
Guangxi Medical University,China,Nanning
University of Mons,Belgium,Mons
University of Clermont Auvergne,France,Clermont
Xiangtan University,China,Xiangtan
"All India Institute of Medical Sciences, New Delhi",India,Delhi
National Centre for Nuclear Research,Poland,Otwock
University of Rostock,Germany,Rostock
Gachon University,Korea,Seongnam
Bocconi University,Italy,Milan
Toronto Metropolitan University,Canada,Toronto
Saarland University,Germany,Saarbrücken
University of Ulster,United Kingdom,Coleraine
Miami University,United States,Miami
University of L'Aquila,Italy,L'Aquila
Lebanese American University,Lebanon,Beirut
"Chinese University of Hong Kong, Shenzhen",China,Shenzhen
Duy Tân University,Vietnam,Da Nang
University of Franche-Comté,France,Besançon
Oberlin College,United States,Oberlin
"City, University of London",United Kingdom,London
Polytechnic University of Bari,Italy,Bari
École normale supérieure de Lyon,France,Lyon
Çukurova University,Turkey,Adana
Savoie Mont Blanc University,France,Chambéry
Tampere University,Finland,Tampere
King Khalid University,Saudi Arabia,Abha
Medical University of Warsaw,Poland,Warsaw
Koç University,Turkey,Istanbul
Capital Normal University,China,Beijing
University of Split,Croatia,Split
Gyeongsang National University,Korea,Jinju
University of Wrocław,Poland,Wrocław
Cheung Kong Graduate School of Business,China,Beijing
University of Denver,United States,Denver
Southwestern University of Finance and Economics,China,Chengdu
National Research Center «Kurchatov Institute»,Russia,Moscow
University of Colorado Denver,United States,Denver
University of Reims Champagne-Ardenne,France,Reims
Martin Luther University Halle-Wittenberg,Germany,Halle
University of Mississippi,United States,Oxford
University of Tours,France,Tours
Okinawa Institute of Science and Technology Ranking,Japan,Okinawa
Institut Agro,France,Montpellier
Claremont McKenna College,United States,Claremont
Inje University,Korea,Gimhae
Peter the Great St. Petersburg Polytechnic University,Russia,Saint Petersburg
National University of Defense Technology,China,Changsha
Federal University of Rio Grande do Norte,Brazil,Natal
University of New Brunswick,Canada,Fredericton
Medical University of Gdańsk,Poland,Gdańsk
Hannover Medical School,Germany,Hanover
Iran University of Medical Sciences,Iran,Tehran
Indian Institute of Management Ahmedabad,India,Ahmedabad
Wesleyan University,United States,Middletown
Chengdu University of Technology,China,Chengdu
Norwegian School of Economics,Norway,Bergen
International Institute for Management Development,Switzerland,Lausanne
Sorbonne Paris Nord University,France,Paris
Banaras Hindu University,India,Varanasi
University of Regensburg,Germany,Regensburg
Wroclaw Medical University,Poland,Wroclaw
University of Siegen,Germany,Siegen
Northeast Forestry University,China,Harbin
Institute for Nuclear Research of the Russian Academy of Sciences,Russia,Moscow
Qufu Normal University,China,Qufu
Daegu Gyeongbuk Institute of Science and Technology,Korea,Daegu
Albert Einstein College of Medicine,United States,New York
University of Memphis,United States,Memphis
Northern Illinois University,United States,DeKalb
University of Basilicata,Italy,Potenza
Islamic Azad University,Iran,Tehran
University of Orléans,France,Orléans
Meijo University,Japan,Nagoya
École des ponts ParisTech,France,Champs-sur-Marne
INSA Toulouse,France,Toulouse
Gabriele d’Annunzio University,Italy,Chieti
University of Belgrade,Serbia,Belgrade
Aston University,United Kingdom,Birmingham
Singapore University of Technology and Design,Singapore,Singapore
King Juan Carlos University,Spain,Madrid
Missouri University of Science and Technology,United States,Rolla
University of Sassari,Italy,Sassari
Bucknell University,United States,Lewisburg
Paul Sabatier University (Toulouse 3),France,Toulouse
United Arab Emirates University,United Arab Emirates,Al Ain
Versailles Saint-Quentin-en-Yvelines University,France,Versailles
Michigan Technological University,United States,Houghton
University of Oklahoma Health Sciences Center,United States,Oklahoma City
Abdul Wali Khan University Mardan,Pakistan,Mardan
University of Buenos Aires,Argentina,Buenos Aires
Jawaharlal Nehru University,India,New Delhi
Shanghai University of Finance and Economics,China,Shanghai
ITMO University,Russia,Saint Petersburg
Vrije Universiteit Brussel,Belgium,Brussels
Paul Valéry University,France,Montpellier
Sciences Po,France,Paris
Skolkovo Institute of Science and Technology,Russia,Moscow
"University of the Republic, Uruguay",Uruguay,Montevideo
Army Medical University,China,Chongqing
Villanova University,United States,Villanova
Shiraz University,Iran,Shiraz
Ioffe Physical-Technical Institute of the Russian Academy of Sciences,Russia,Saint Petersburg
P.N. Lebedev Physical Institute of the Russian Academy of Sciences,Russia,Moscow
Xinjiang University,China,Urumqi
Aberystwyth University,United Kingdom,Aberystwyth
Indian Institute of Technology Guwahati,India,Guwahati
Fluminense Federal University,Brazil,Niterói
University of Augsburg,Germany,Augsburg
Tianjin University of Technology,China,Tianjin
Tiangong University,China,Tianjin
HEC Paris,France,Paris
Babeș-Bolyai University,Romania,Cluj-Napoca
China Europe International Business School,China,Shanghai
Chongqing University of Posts and Telecommunications,China,Chongqing
Yerevan Physics Institute,Armenia,Yerevan
The Scripps Research Institute,United States,La Jolla
King Abdullah University of Science and Technology,Saudi Arabia,Thuwal
Portland State University,United States,Portland
Nihon University,Japan,Tokyo
North Dakota State University,United States,Fargo
KAIST,Korea,Daejeon
Belarusian State University,Belarus,Minsk
East Carolina University,United States,Greenville
Jiangxi Normal University,China,Nanchang
Nicolaus Copernicus University,Poland,Toruń
University of Kaiserslautern-Landau,Germany,Kaiserslautern
Federico Santa María Technical University,Chile,Valparaíso
Institut national du service public,France,Paris
Ferdowsi University of Mashhad,Iran,Mashhad
Brno University of Technology,Czech Republic,Brno
Marmara University,Turkey,Istanbul
University of Kassel,Germany,Kassel
Institut Polytechnique de Paris,France,Paris
Medical University of Lodz,Poland,Łódź
Heilongjiang University,China,Harbin
University of Akron,United States,Akron
University of Sharjah,United Arab Emirates,Sharjah
London School of Hygiene & Tropical Medicine,United Kingdom,London
Zhejiang A&F University,China,Hangzhou
Norwegian University of Science and Technology,Norway,Trondheim
Shanghai Ocean University,China,Shanghai
Aga Khan University,Pakistan,Karachi
Mohammed V University,Morocco,Rabat
University of Hyogo,Japan,Kobe
Yeshiva University,United States,New York
Xuzhou Medical University,China,Xuzhou
Mario Negri Institute for Pharmacological Research,Italy,Milan
Benemérita Autonomous University of Puebla,Mexico,Puebla
University of Antioquia,Colombia,Medellín
Royal College of Surgeons in Ireland,Ireland,Dublin
Duke-NUS Medical School,Singapore,Singapore
University of Colorado Anschutz Medical Campus,United States,Aurora
Beijing Technology and Business University,China,Beijing
Postgraduate Institute of Medical Education and Research,India,Chandigarh
Shanghai University of Traditional Chinese Medicine,China,Shanghai
Colgate University,United States,Hamilton
Al-Azhar University,Egypt,Cairo
Babson College,United States,Wellesley
Hunan Agricultural University,China,Changsha
Anhui Agricultural University,China,Hefei
Victoria University,Australia,Melbourne
University of Novi Sad,Serbia,Novi Sad
Paracelsus Medical University,Austria,Salzburg
Zhejiang Chinese Medical University,China,Hangzhou
Brazilian Center for Research in Physics (CBPF),Brazil,Rio de Janeiro
Wrocław University of Science and Technology,Poland,Wrocław
University of Rzeszów,Poland,Rzeszów
University of Calcutta,India,Kolkata
Institute of Science and Technology Austria,Austria,Klosterneuburg
SUNY Upstate Medical University,United States,Syracuse
Charles Sturt University,Australia,Bathurst
Paul Sabatier University,France,Toulouse
Ivane Javakhishvili Tbilisi State University,Georgia,Tbilisi
Fordham University,United States,New York
INSEAD,France,Fontainebleau
Xi'an University of Architecture and Technology,China,Xi'an
Kazan Federal University,Russia,Kazan
Wuhan Institute of Technology,China,Wuhan
University of Naples Parthenope,Italy,Naples
Qingdao Agricultural University,China,Qingdao
Ramon Llull University,Spain,Barcelona
Henan Polytechnic University,China,Jiaozuo
Henan Agricultural University,China,Zhengzhou
National University of Sciences and Technology,Pakistan,Islamabad
Worcester Polytechnic Institute,United States,Worcester
"University of New England, Australia",Australia,Armidale
Luleå University of Technology,Sweden,Luleå
Ritsumeikan University,Japan,Kyoto
Charles Darwin University,Australia,Darwin
Okinawa Institute of Science and Technology,Japan,Okinawa
Manipal Academy of Higher Education,India,Manipal
Hassan II University of Casablanca,Morocco,Casablanca
Bilkent University,Turkey,Ankara
Ehime University,Japan,Matsuyama
"National University of Ireland, Maynooth",Ireland,Maynooth
Tôn Đức Thắng University,Vietnam,Ho Chi Minh City
Campus Bio-Medico University of Rome,Italy,Rome
Federal University of Juiz de Fora,Brazil,Juiz de Fora
Pomona College,United States,Pomona
Prince Sattam Bin Abdulaziz University,Saudi Arabia,Al Kharj
Carol Davila University of Medicine and Pharmacy,Romania,Bucharest
Federal University of ABC,Brazil,Santo André
SRM Institute of Science and Technology,India,Chennai
Southwest University of Science and Technology,China,Mianyang
Gunma University,Japan,Maebashi
National Taiwan Normal University,China,Taipei
Sanford Burnham Prebys Medical Discovery Institute,United States,Sanford
University of Toyama,Japan,Toyama
Guangzhou University of Chinese Medicine,China,Guangzhou
Monterrey Institute of Technology and Higher Education,Mexico,Monterrey
University of Jordan,Jordan,Amman
University of Ghana,Ghana,Accra
University of Ibadan,Nigeria,Ibadan
Education University of Hong Kong,China,Hong Kong
VetAgro Sup,France,Marcy-l'Étoile
Rochester Institute of Technology,United States,Rochester
V.A. Engelhardt Institute of Molecular Biology of the Russian Academy of Sciences,Russia,Moscow
Liverpool School of Tropical Medicine,United Kingdom,Liverpool
Guilin University of Electronic Technology,China,Guilin
National Taipei University of Technology,China,Taipei
Tokyo Women's Medical University,Japan,Tokyo
Tanta University,Egypt,Tanta
University of Windsor,Canada,Windsor
Hunter College,United States,New York
Jichi Medical University,Japan,Tochigi
Jiangsu Normal University,China,Xuzhou
Assiut University,Egypt,Assiut
Shanxi Medical University,China,Taiyuan
University of South Bohemia,Czech Republic,České Budějovice
University of Health Sciences,Turkey,Of
Sechenov University,Russia,Moscow
Shahid Beheshti University,Iran,Tehran
Xi'an University of Science and Technology,China,Xi'an
"Indian Institute of Science Education and Research, Pune",India,Pune
Yıldız Technical University,Turkey,Istanbul
Yantai University,China,Yantai
Soonchunhyang University,Korea,Asan
Yamagata University,Japan,Yamagata
Weizmann Institute of Science,Israel,Rehovot
University of Massachusetts Lowell,United States,Lowell
University of Lleida,Spain,Lleida
Pepperdine University,United States,Malibu
University of the Free State,South Africa,Bloemfontein
École nationale supérieure de chimie de Montpellier,France,Montpellier
Cadi Ayyad University,Morocco,Marrakesh
Tianjin University of Science and Technology,China,Tianjin
Paderborn University,Germany,Paderborn
Medical University of Silesia,Poland,Katowice
Marquette University,United States,Marquette
University of Texas Southwestern Medical Center,United States,Dallas
Creighton University,United States,Omaha
University of Alabama in Huntsville,United States,Huntsville
Suzhou University of Science and Technology,China,Suzhou
Lappeenranta University of Technology,Finland,Lappeenranta
Toho University,Japan,Tokyo
Free University of Berlin,Germany,Berlin
Sogang University,Korea,Seoul
University of Sfax,Tunisia,Sfax
University of North Carolina at Greensboro,United States,Greensboro
Atatürk University,Turkey,Erzurum
Åbo Akademi University,Finland,Turku
University of Bucharest,Romania,Bucharest
Kagoshima University,Japan,Kagoshima
Dankook University,Korea,Yongin
Pablo de Olavide University,Spain,Seville
Yangtze University,China,Jingzhou
Inner Mongolia University,China,Hohhot
Teikyo University,Japan,Tokyo
Suez Canal University,Egypt,Suez
University of Agriculture Faisalabad,Pakistan,Faisalabad
University of Western Cape,South Africa,Cape Town
United States Naval Academy,United States,Annapolis
Humboldt University of Berlin,Germany,Berlin
Pukyong National University,Korea,Busan
Jadavpur University,India,Kolkata
Chuo University,Japan,Tokyo
Anhui Normal University,China,Wuhu
University of Maribor,Slovenia,Maribor
Linnaeus University,Sweden,Växjö
Zhongnan University of Economics and Law,China,Wuhan
Umm Al-Qura University,Saudi Arabia,Mecca
Coventry University,United Kingdom,Coventry
Autonomous University of San Luis Potosí,Mexico,San Luis Potosí
University of Upper Alsace,France,Mulhouse
University of Urbino,Italy,Urbino
Dokuz Eylül University,Turkey,Izmir
"University of Chemistry and Technology, Prague",Czech Republic,Prague
University of Chinese Academy of Sciences,China,Beijing
National Institute of Public Health (INSP),Mexico,Cuernavaca
Loma Linda University,United States,Linda
Sant'Anna School of Advanced Studies,Italy,Pisa
University of Bradford,United Kingdom,Bradford
Khon Kaen University,Thailand,Khon Kaen
Anna University,India,Chennai
National Defense Medical Center,China,Taipei
University of Pécs,Hungary,Pécs
Nagoya City University,Japan,Nagoya
Kyoto Prefectural University of Medicine,Japan,Kyoto
Chung Yuan Christian University,China,Taoyuan
Bournemouth University,United Kingdom,Bournemouth
"University of Veterinary Medicine, Vienna",Austria,Vienna
University of Gdańsk,Poland,Gdańsk
Gran Sasso Science Institute,Italy,L'Aquila
Mie University,Japan,Tsu
Mashhad University of Medical Sciences,Iran,Mashhad
Metropolitan Autonomous University,Mexico,Mexico
University of Technology of Belfort-Montbéliard,France,Belfort
Florida Institute of Technology,United States,Florida
University of Évry Val d'Essonne,France,Évry
Poznan University of Medical Sciences,Poland,Poznan
Institute of Mathematics of the National Academy of Sciences of Ukraine,Ukraine,Kyiv
Federal University of Espírito Santo,Brazil,Vitória
South Dakota State University,United States,Brookings
Fujita Health University,Japan,Toyoake
Brandenburg University of Technology,Germany,Brandenburg
Conservatoire national des arts et métiers,France,Paris
Gaziantep University,Turkey,Gaziantep
Jikei University,Japan,Tokyo
University of International Business and Economics,China,Beijing
Guangxi Normal University,China,Guilin
"University of the West of England, Bristol",United Kingdom,Bristol
Harbin University of Science and Technology,China,Harbin
Wilfrid Laurier University,Canada,Waterloo
Santa Clara University,United States,Santa Clara
IMT Atlantique,France,Brest
Nippon Medical School,Japan,Tokyo
Indian Agricultural Research Institute,India,New Delhi
Yamaguchi University,Japan,Yamaguchi
Federal University of Paraíba,Brazil,João Pessoa
"Vietnam National University, Hanoi",Vietnam,Hanoi
Magna Graecia University of Catanzaro,Italy,Catanzaro
New York Medical College,United States,York
University of Las Palmas de Gran Canaria,Spain,Las Palmas
Tokyo Medical University,Japan,Tokyo
United States Military Academy,United States,West Point
Northwest Normal University,China,Lanzhou
Free University of Bozen-Bolzano,Italy,Bolzano
Howard University,United States,Howard
Manhattan College,United States,Manhattan
École nationale vétérinaire d'Alfort,France,Maisons-Alfort
Nara Institute of Science and Technology,Japan,Ikoma
Keimyung University,Korea,Daegu
Brock University,Canada,St. Catharines
Hamad Bin Khalifa University,Qatar,Doha
China Three Gorges University,China,Yichang
Western Norway University of Applied Sciences,Norway,Bergen
ESSEC Business School,France,Cergy
Chemnitz University of Technology,Germany,Chemnitz
Singapore Management University,Singapore,Singapore
University of Neuchâtel,Switzerland,Neuchâtel
Ludwig Maximilian University of Munich,Germany,Munich
Federal University of Pará,Brazil,Belém
Louisiana Tech University,United States,Ruston
Federal University of Lavras,Brazil,Lavras
Prince of Songkla University,Thailand,Hat Yai
Federal University of Uberlândia,Brazil,Uberlândia
Sultan Qaboos University,Oman,Muscat
Isfahan University of Medical Sciences,Iran,Isfahan
LSU Health Sciences Center New Orleans,United States,New Orleans
Oakland University,United States,Oakland
K. N. Toosi University of Technology,Iran,Tehran
Smith College,United States,Northampton
National Institute for Space Research (INPE),Brazil,São José dos Campos
Jordan University of Science and Technology,Jordan,Irbid
Anhui University of Technology,China,Ma'anshan
Shiraz University of Medical Sciences,Iran,Shiraz
University of Silesia in Katowice,Poland,Katowice
École centrale de Lyon,France,Lyon
Albany Medical College,United States,Albany
University of Lincoln,United Kingdom,Lincoln
Yokohama National University,Japan,Yokohama
Silesian University of Technology,Poland,Gliwice
San Francisco State University,United States,San Francisco
Chung Shan Medical University,China,Taichung
Tuscia University,Italy,Viterbo
Texas State University,United States,San Marcos
Catholic University of America,United States,Washington
Xinjiang Medical University,China,Urumqi
King Saud bin Abdulaziz University for Health Sciences,Saudi Arabia,Riyadh
Qassim University,Saudi Arabia,Buraydah
Austral University of Chile,Chile,Valdivia
Fu Jen Catholic University,China,New Taipei
Bohai University,China,Jinzhou
Tabriz University of Medical Sciences,Iran,Tabriz
Erciyes University,Turkey,Kayseri
University of North Dakota,United States,Grand Forks
Ca' Foscari University of Venice,Italy,Venice
"California Polytechnic State University, San Luis Obispo",United States,San Luis Obispo
Mersin University,Turkey,Mersin
University of Hyderabad,India,Hyderabad
National University of Science and Technology MISiS,Russia,Moscow
Saitama Medical University,Japan,Saitama
Thapar Institute of Engineering and Technology,India,Patiala
Kasetsart University,Thailand,Bangkok
Public University of Navarre,Spain,Pamplona
State University of Maringá,Brazil,Maringá
University of Lodz,Poland,Łódź
University of Algarve,Portugal,Faro
Hirosaki University,Japan,Hirosaki
Warsaw University of Life Sciences,Poland,Warsaw
Shihezi University,China,Shihezi
China Jiliang University,China,Hangzhou
National University of Distance Education,Spain,Madrid
Stevens Institute of Technology,United States,Hoboken
Federal University of São João del-Rei,Brazil,São João del-Rei
Rhodes University,South Africa,Grahamstown
Hofstra University,United States,Hempstead
University of Yamanashi,Japan,Kofu
Soongsil University,Korea,Seoul
Zhejiang Gongshang University,China,Hangzhou
Indian Institute of Technology Hyderabad,India,Hyderabad
"California State University, Fullerton",United States,Fullerton
Boise State University,United States,Boise
Indian Association for the Cultivation of Science,India,Kolkata
University of Almería,Spain,Almería
Kuwait University,Kuwait,Kuwait City
Jazan University,Saudi Arabia,Jazan
University of Foggia,Italy,Foggia
Dongguan University of Technology,China,Dongguan
"Birla Institute of Technology and Science, Pilani",India,Pilani
Huzhou University,China,Huzhou
Wright State University,United States,Wright
Bowdoin College,United States,Brunswick
"Indian Institute of Science Education and Research, Kolkata",India,Kolkata
Pushchino Scientific Center for Biological Research of the Russian Academy of Sciences,Russia,Pushchino
Osnabrück University,Germany,Osnabrück
Dalian Polytechnic University,China,Dalian
Showa University,Japan,Tokyo
Kwame Nkrumah University of Science and Technology,Ghana,Kumasi
Shanghai Maritime University,China,Shanghai
University of Puerto Rico at Mayagüez,United States,Mayagüez
Kunming Medical University,China,Kunming
Mohammed First University Oujda,Morocco,Oujda
Shenyang Pharmaceutical University,China,Shenyang
Visva-Bharati University,India,Santiniketan
North China University of Science and Technology,China,Tangshan
Jeju National University,Korea,Jeju
University of Camerino,Italy,Camerino
University of Monastir,Tunisia,Monastir
University of Yaoundé I,Cameroon,Yaoundé
Maria Sklodowska-Curie National Research Institute of Oncology,Poland,Warsaw
Shenyang Agricultural University,China,Shenyang
University of León,Spain,León
University of Ha'il,Saudi Arabia,Ha'il
"Indian Institute of Technology (Indian School of Mines), Dhanbad",India,Dhanbad
Kanazawa Institute of Technology,Japan,Kanazawa
South-Central Minzu University,China,Wuhan
Kurume University,Japan,Kurume
Jimei University,China,Xiamen
Southern Cross University,Australia,Lismore
College of the Holy Cross,United States,Worcester
İzmir Institute of Technology,Turkey,Izmir
Indian Institute of Management Calcutta,India,Calcutta
King Faisal University,Saudi Arabia,Al-Hofuf
Beijing University of Chinese Medicine,China,Beijing
University of Costa Rica,Costa Rica,San José
"California State University, Fresno",United States,Fresno
SUNY College of Environmental Science and Forestry,United States,Syracuse
Babol Noshirvani University of Technology,Iran,Babol
University of Carthage,Tunisia,Carthage
University of Guadalajara,Mexico,Guadalajara
Institute of Solid State Physics of the Russian Academy of Sciences,Russia,Chernogolovka
Saga University,Japan,Saga
"National Institute of Technology, Rourkela",India,Rourkela
Autonomous University of Nuevo León,Mexico,León
Lobachevsky University,Russia,Nizhny Novgorod
"Vietnam National University, Ho Chi Minh City",Vietnam,Ho Chi Minh City
Government College University Faisalabad,Pakistan,Faisalabad
Tottori University,Japan,Tottori
Central Michigan University,United States,Mount Pleasant
University of Dayton,United States,Dayton
University of Malawi,Malawi,Zomba
University of Miyazaki,Japan,Miyazaki
Federal University of Mato Grosso do Sul,Brazil,Campo Grande
Guangdong Ocean University,China,Zhanjiang
Lodz University of Technology,Poland,Łódź
University of Huddersfield,United Kingdom,Huddersfield
Peoples' Friendship University of Russia,Russia,Moscow
University of Lahore,Pakistan,Lahore
Hyogo College of Medicine,Japan,Nishinomiya
Kharkov Institute of Physics and Technology,Ukraine,Kharkiv
Democritus University of Thrace,Greece,Komotini
Akdeniz University,Turkey,Antalya
Saitama University,Japan,Saitama
University of the Ryukyus,Japan,Nishihara
Fukushima Medical University,Japan,Fukushima
"California State University, Northridge",United States,Northridge
Kōchi University,Japan,Kōchi
Anglia Ruskin University,United Kingdom,Cambridge
University of South Alabama,United States,Mobile
University of Nairobi,Kenya,Nairobi
Indian Institute of Technology Indore,India,Indore
École de technologie supérieure,Canada,Montreal
Shandong University of Technology,China,Zibo
Incheon National University,Korea,Incheon
University of La Frontera,Chile,Temuco
Rowan University,United States,Glassboro
National Taiwan Ocean University,China,Keelung
"University of Santiago, Chile",Chile,Santiago
University of Indonesia,Indonesia,Jakarta
Hunan University of Science and Technology,China,Xiangtan
Jacobs University,Germany,Bremen
University of Limoges,France,Limoges
University of San Francisco,United States,San Francisco
Ibero-American University,Mexico,Mexico
Beni Suef University,Egypt,Beni Suef
Selçuk University,Turkey,Selçuk
Fukuoka University,Japan,Fukuoka
XLRI - Xavier School of Management,India,Jamshedpur
Istanbul Bilgi University,Turkey,Istanbul
Pomeranian Medical University in Szczecin,Poland,Szczecin
Indian Institute of Technology (BHU) Varanasi,India,Varanasi
University of Pau and Pays de l'Adour,France,Pau
West University of Timișoara,Romania,Timișoara
University of the Aegean,Greece,Mytilene
University of Missouri-St. Louis,United States,Saint Louis
Carleton College,United States,Northfield
Williams College,United States,Williamstown
Bowling Green State University,United States,Green
Imam Abdulrahman Bin Faisal University,Saudi Arabia,Dammam
Tokat Gaziosmanpaşa University,Turkey,Tokat
Chosun University,Korea,Gwangju
University of Beira Interior,Portugal,Covilhã
Shanghai University of Electric Power,China,Shanghai
Cha University,Korea,Seongnam
Leuphana University of Lüneburg,Germany,Lüneburg
Texas Christian University,United States,Fort Worth
University of Namur,Belgium,Namur
Doshisha University,Japan,Kyoto
Adıyaman University,Turkey,Adıyaman
Clark University,United States,Worcester
Ball State University,United States,Muncie
"École supérieure de chimie, physique, électronique de Lyon",France,Villeurbanne
University of Latvia,Latvia,Riga
Uludağ University,Turkey,Bursa
Central South University of Forestry and Technology,China,Changsha
Federal University of Technology - Paraná,Brazil,Curitiba
Hebei Normal University,China,Shijiazhuang
"University of Puerto Rico, Medical Sciences Campus",United States,San Juan
Medical University Sofia,Bulgaria,Sofia
Cayetano Heredia Peruvian University,Peru,Lima
TOBB University of Economics and Technology,Turkey,Ankara
Pontifical Catholic University of Rio Grande do Sul,Brazil,Porto Alegre
Pontifical Catholic University of Valparaíso,Chile,Valparaíso
Army Engineering University of PLA,China,Nanjing
Helwan University,Egypt,Helwan
University of Kashan,Iran,Kashan
Medical University of Lublin,Poland,Lublin
University of Occupational and Environmental Health Japan,Japan,Kitakyushu
Central Queensland University,Australia,Rockhampton
Karadeniz Technical University,Turkey,Trabzon
Tianjin Normal University,China,Tianjin
Shimane University,Japan,Matsue
V.A. Steklov Mathematical Institute of the Russian Academy of Sciences,Russia,Moscow
Western Michigan University,United States,Kalamazoo
Fayoum University,Egypt,Faiyum
Pavol Jozef Šafárik University in Košice,Slovak Republic,Košice
Qinghai University,China,Xining
University of Southern Mississippi,United States,Hattiesburg
Tamil Nadu Dr. M.G.R. Medical University,India,Chennai
Sichuan Normal University,China,Chengdu
National Chengchi University,China,Taipei
National Kaohsiung University of Science and Technology,China,Kaohsiung
Henan University of Technology,China,Zhengzhou
State University of Londrina,Brazil,Londrina
Transilvania University of Brașov,Romania,Brașov
Oxford Brookes University,United Kingdom,Oxford
Middlesex University,United Kingdom,London
Tamkang University,China,New Taipei
Liaoning University,China,Shenyang
Nanchang Hangkong University,China,Nanchang
Institute of Tropical Medicine Antwerp,Belgium,Antwerp
Tallinn University of Technology,Estonia,Tallinn
Kafkas University,Turkey,Kars
Ariel University,Israel,Ariel
Guilin University of Technology,China,Guilin
SOAS University of London,United Kingdom,London
Zhengzhou University of Light Industry,China,Zhengzhou
Özyeğin University,Turkey,Istanbul
Foshan University,China,Foshan
Kagawa University,Japan,Takamatsu
Guangdong Medical University,China,Zhanjiang
San Jose State University,United States,San Jose
Taibah University,Saudi Arabia,Medina
National University of Rosario,Argentina,Rosario
Federal University of Sergipe,Brazil,Aracaju
Near East University,Cyprus,Nicosia
University of Isfahan,Iran,Isfahan
University of Peshawar,Pakistan,Peshawar
Poznań University of Technology,Poland,Poznań
Guizhou Medical University,China,Guiyang
Southwest Medical University,China,Luzhou
Kwansei Gakuin University,Japan,Nishinomiya
Oslo Metropolitan University,Norway,Oslo
Hebei Agricultural University,China,Baoding
Vienna University of Economics and Business,Austria,Vienna
Istanbul Aydın University,Turkey,Istanbul
University of Warmia and Mazury in Olsztyn,Poland,Olsztyn
Ilia State University,Georgia,Tbilisi
De Montfort University,United Kingdom,Leicester
Feng Chia University,China,Taichung
University of South Dakota,United States,Vermillion
Nova Southeastern University,United States,Fort Lauderdale
Menlo College,United States,Atherton
Seoul National University of Science and Technology,Korea,Seoul
University of Avignon,France,Avignon
Montclair State University,United States,Montclair
Hamamatsu University School of Medicine,Japan,Hamamatsu
Hanken School of Economics,Finland,Helsinki
National Institute of Amazonian Research (INPA),Brazil,Manaus
Wakayama Medical University,Japan,Wakayama
"California State University, Long Beach",United States,Long Beach
Menoufia University,Egypt,Shebin El-Kom
University of Guilan,Iran,Rasht
Kyushu Institute of Technology,Japan,Kitakyushu
University of Agder,Norway,Kristiansand
Aichi Medical University,Japan,Nagakute
Jiangxi University of Science and Technology,China,Ganzhou
Freiberg University of Mining and Technology,Germany,Freiberg
Erzincan Binali Yıldırım University,Turkey,Erzincan
University of Zambia,Zambia,Lusaka
University of Trás-os-Montes and Alto Douro,Portugal,Vila Real
Baruch College,United States,New York
Iuliu Hațieganu University of Medicine and Pharmacy,Romania,Cluj-Napoca
Shiga University of Medical Science,Japan,Ōtsu
University of Minnesota Duluth,United States,Duluth
University of Sannio,Italy,Benevento
ISCTE – University Institute of Lisbon,Portugal,Lisbon
Kafrelsheikh University,Egypt,Kafr El Sheikh
Witten/Herdecke University,Germany,Witten
MARA University of Technology,Malaysia,Shah Alam
Institute of Applied Physics of the Russian Academy of Sciences,Russia,Nizhny Novgorod
Poznań University of Life Sciences,Poland,Poznań
University of Valparaíso,Chile,Valparaíso
Fırat University,Turkey,Elazığ
University of Salford,United Kingdom,Salford
"National Institute of Technology, Tiruchirappalli",India,Tiruchirappalli
Alexandru Ioan Cuza University of Iaşi,Romania,Iaşi
Guangdong Pharmaceutical University,China,Guangzhou
Hamburg University of Technology,Germany,Hamburg
University of Tulsa,United States,Tulsa
Federation University Australia,Australia,Ballarat
University of Veterinary Medicine Hanover,Germany,Hanover
Nara Medical University,Japan,Kashihara
Open University of Catalonia,Spain,Barcelona
Benha University,Egypt,Benha
University of Kragujevac,Serbia,Kragujevac
Michoacán University of San Nicolás of Hidalgo,Mexico,Hidalgo
CY Cergy Paris University,France,Cergy
National Chung Cheng University,China,Chiayi
Chongqing Technology and Business University,China,Chongqing
University of Dhaka,Bangladesh,Dhaka
Kookmin University,Korea,Seoul
Arts et Métiers Sciences et Technologies,France,Paris
Jiaxing University,China,Jiaxing
B.I. Stepanov Institute of Physics of The National Academy of Sciences of Belarus,Belarus,Minsk
British University in Egypt,Egypt,Cairo
Ningxia University,China,Yinchuan
"Indian Statistical Institute, Kolkata",India,Kolkata
Urmia University,Iran,Urmia
Minia University,Egypt,Minya
Shanghai University of Engineering Science,China,Shanghai
Nagasaki Institute of Applied Science,Japan,Nagasaki
Lincoln University,New Zealand,Lincoln
Nagoya Institute of Technology,Japan,Nagoya
University of Electro-Communications,Japan,Chōfu
University of Huelva,Spain,Huelva
International University of Health and Welfare,Japan,Ōtawara
Grinnell College,United States,Grinnell
Norwegian School of Sport Sciences,Norway,Oslo
Indian Institute of Technology Bhubaneswar,India,Bhubaneswar
Indian Institute of Technology Gandhinagar,India,Gandhinagar
Semnan University,Iran,Semnan
BI Norwegian Business School,Norway,Oslo
Ondokuz Mayıs University,Turkey,Samsun
Nazarbayev University,Kazakhstan,Astana
Trent University,Canada,Peterborough
Savitribai Phule Pune University,India,Pune
LSU Health Sciences Center Shreveport,United States,Shreveport
Maria Curie-Skłodowska University,Poland,Lublin
Chapman University,United States,Orange
Changchun University of Science and Technology,China,Changchun
Linyi University,China,Linyi
University of Perpignan,France,Perpignan
University of Évora,Portugal,Évora
DePaul University,United States,Chicago
Sabancı University,Turkey,Istanbul
Federal Rural University of Pernambuco,Brazil,Recife
Ochanomizu University,Japan,Tokyo
Kyorin University,Japan,Mitaka
Süleyman Demirel University,Turkey,Isparta
Claremont Graduate University,United States,Claremont
N.N. Semenov Institute of Chemical Physics of the Russian Academy of Sciences,Russia,Moscow
Ontario Tech University,Canada,Oshawa
Cleveland State University,United States,Cleveland
Jiangxi Agricultural University,China,Nanchang
University of the Philippines Manila,Philippines,Manila
Pontifical Javeriana University,Colombia,Bogotá
Space Research Institute of the Russian Academy of Sciences,Russia,Moscow
Eastern Virginia Medical School,United States,Norfolk
Lithuanian University of Health Sciences,Lithuania,Kaunas
Catholic University of the North,Chile,Antofagasta
Xinxiang Medical University,China,Xinxiang
University of Rijeka,Croatia,Rijeka
Diego Portales University,Chile,Santiago
Mendel University in Brno,Czech Republic,Brno
Glasgow Caledonian University,United Kingdom,Glasgow
Medical University of Białystok,Poland,Białystok
Qingdao University of Technology,China,Qingdao
Texas Tech University Health Sciences Center,United States,Lubbock
Sheffield Hallam University,United Kingdom,Sheffield
Iwate Medical University,Japan,Morioka
Shahid Bahonar University of Kerman,Iran,Kerman
Kwangwoon University,Korea,Seoul
Kermanshah University of Medical Sciences,Iran,Kermanshah
"Institute of Physics, Azerbaijan National Academy of Sciences",Azerbaijan,Baku
King Mongkut's University of Technology Thonburi,Thailand,Bangkok
Clarkson University,United States,Potsdam
Sapporo Medical University,Japan,Sapporo
Illinois State University,United States,Normal
Jilin Agricultural University,China,Jilin
Bu-Ali Sina University,Iran,Hamedan
Thammasat University,Thailand,Bangkok
University of Peradeniya,Sri Lanka,Peradeniya
International Islamic University Malaysia,Malaysia,Gombak
I-Shou University,China,Kaohsiung
Catholic University of Portugal,Portugal,Lisbon
Jamia Millia Islamia,India,New Delhi
University of Guanajuato,Mexico,Guanajuato
Krasnoyarsk Science Center of the Siberian Branch of the Russian Academy of Sciences,Russia,Krasnoyarsk
Technical University of Ilmenau,Germany,Ilmenau
Slovak University of Technology in Bratislava,Slovak Republic,Bratislava
Guglielmo Marconi University,Italy,Rome
Hubei University of Technology,China,Wuhan
National University of the Littoral,Argentina,Santa Fe
"California State University, Sacramento",United States,Sacramento
Federal University of Rio Grande,Brazil,Rio Grande
Bahçeşehir University,Turkey,Istanbul
European University Institute,Italy,Florence
China West Normal University,China,Nanchong
Antonio Nariño University,Colombia,Nariño
Dongbei University of Finance and Economics,China,Dalian
St. Marianna University School of Medicine,Japan,Kawasaki
Razi University,Iran,Kermanshah
Institute for Pure and Applied Mathematics (IMPA),Brazil,Rio de Janeiro
Shanxi Agricultural University,China,Taigu
University of Lethbridge,Canada,Lethbridge
Necmettin Erbakan University,Turkey,Konya
Comillas Pontifical University,Spain,Madrid
Ludong University,China,Yantai
Mae Fah Luang University,Thailand,Chiang Rai
Suranaree University of Technology,Thailand,Nakhon Ratchasima
University of Nigeria,Nigeria,Nsukka
University of Koblenz,Germany,Koblenz
Ohio Wesleyan University,United States,Delaware
Bahauddin Zakariya University,Pakistan,Multan
University of Toulouse-Jean Jaurès,France,Toulouse
Payame Noor University,Iran,Tehran
Wonkwang University,Korea,Iksan
University of Gondar,Ethiopia,Gondar
Rikkyo University,Japan,Tokyo
Pontifical Catholic University of Peru,Peru,Lima
Bharathiar University,India,Coimbatore
University of Malta,Malta,Msida
Amrita Vishwa Vidyapeetham,India,Coimbatore
Nelson Mandela University,South Africa,Port Elizabeth
Federal University of Mato Grosso,Brazil,Cuiabá
Chongqing Normal University,China,Chongqing
Rajiv Gandhi University of Health Sciences,India,Bangalore
"California State University, Los Angeles",United States,Los Angeles
Kingston University,United Kingdom,Kingston upon Thames
University of Kurdistan,Iran,Sanandaj
Shanghai Institute of Technology,China,Shanghai
Reed College,United States,Portland
Pontifical Catholic University of Rio de Janeiro,Brazil,Rio de Janeiro
University of Leoben,Austria,Leoben
University of Notre Dame Australia,Australia,Sydney
Polytechnic Institute of Porto,Portugal,Porto
University of Québec at Trois-Rivières,Canada,Trois-Rivières
Georgia Southern University,United States,Statesboro
University of Cassino and Southern Lazio,Italy,Cassino
Agricultural University of Athens,Greece,Athens
University of Trier,Germany,Trier
University of the West of Scotland,United Kingdom,Paisley
Anhui University of Science and Technology,China,Huainan
University of Zimbabwe,Zimbabwe,Harare
Pontifical Catholic University of Paraná,Brazil,Curitiba
University of Agriculture in Krakow,Poland,Kraków
University of Niš,Serbia,Niš
Tribhuvan University,Nepal,Kathmandu
Estonian University of Life Sciences,Estonia,Tartu
Mazandaran University of Medical Sciences,Iran,Sari
University of North Carolina Wilmington,United States,Wilmington
Chengdu University of Information Technology,China,Chengdu
Ahvaz Jundishapur University of Medical Sciences,Iran,Ahvaz
Southern Federal University,Russia,Rostov-on-Don
Appalachian State University,United States,Boone
Yunnan Normal University,China,Kunming
Taizhou University,China,Taizhou
Xinyang Normal University,China,Xinyang
Wuhan Textile University,China,Wuhan
Sookmyung Women's University,Korea,Seoul
University of Massachusetts Dartmouth,United States,Dartmouth
National University of Cuyo,Argentina,Mendoza
Mekelle University,Ethiopia,Mekelle
Hiroshima Institute of Technology,Japan,Hiroshima
University of Fukui,Japan,Fukui
PETRONAS University of Technology,Malaysia,Seri Iskandar
Roskilde University,Denmark,Roskilde
Binzhou Medical University,China,Binzhou
Trinity University,United States,San Antonio
Western Washington University,United States,Washington
Kocaeli University,Turkey,Izmit
Marshall University,United States,Marshall
Alfaisal University,Saudi Arabia,Riyadh
University of La Rioja,Spain,Logroño
Georgian Technical University,Georgia,Tbilisi
Chengdu University of Traditional Chinese Medicine,China,Chengdu
Irkutsk Scientific Center of the Siberian Branch of the Russian Academy of Sciences,Russia,Irkutsk
National University of Mar del Plata,Argentina,Mar del Plata
G.K. Boreskov Institute of Catalysis of the Siberian Branch of the Russian Academy of Sciences,Russia,Novosibirsk
Myongji University,Korea,Seoul
Harbin Normal University,China,Harbin
Jimma University,Ethiopia,Jimma
University of Zielona Góra,Poland,Zielona Góra
A.A. Kharkevich Institute for Information Transmission Problems of the Russian Academy of Sciences,Russia,Moscow
Kansai Medical University,Japan,Hirakata
University of Louisiana at Lafayette,United States,Lafayette
Central University of Finance and Economics,China,Beijing
Tzu Chi University,China,Hualien
University of Lagos,Nigeria,Lagos
Air Force Engineering University,China,Xi'an
Sakarya University,Turkey,Sakarya
Industrial University of Santander,Colombia,Bucaramanga
Yuan Ze University,China,Taoyuan
Kongju National University,Korea,Gongju
Ningxia Medical University,China,Yinchuan
East China University of Technology,China,Nanchang
Liaoning Normal University,China,Dalian
East China Jiaotong University,China,Nanchang
James Madison University,United States,Madison
St. John's University,United States,New York
Yazd University,Iran,Yazd
South Dakota School of Mines and Technology,United States,Rapid City
Hampton University,United States,Hampton
Yancheng Institute of Technology,China,Yancheng
University of Ruhuna,Sri Lanka,Matara
Ibaraki University,Japan,Ibaraki
Dokkyo Medical University,Japan,Tochigi
Polytechnic University of Cartagena,Spain,Cartagena
University of the Philippines Diliman,Philippines,Quezon City
Edinburgh Napier University,United Kingdom,Edinburgh
Malmö University,Sweden,Malmö
Saratov Scientific Center of the Russian Academy of Sciences,Russia,Saratov
Laurentian University,Canada,Sudbury
National Dong Hwa University,China,Hualien
Eskişehir Osmangazi University,Turkey,Eskişehir
Technical University of Ostrava,Czech Republic,Ostrava
Cyprus University of Technology,Cyprus,Limassol
"University of San Francisco, Quito",Ecuador,Quito
New Mexico Institute of Mining and Technology,United States,Mexico
Eulji University,Korea,Seongnam
Kennesaw State University,United States,Kennesaw
University of Westminster,United Kingdom,London
Harokopio University,Greece,Athens
IFP School,France,Rueil-Malmaison
Shaoxing University,China,Shaoxing
Kyoto University of Education,Japan,Kyoto
University of Molise,Italy,Campobasso
Sohag University,Egypt,Sohag
Franklin & Marshall College,United States,Franklin
University of Talca,Chile,Talca
Hongik University,Korea,Seoul
University of South-Eastern Norway,Norway,Drammen
Akita University,Japan,Akita
Hubei University of Medicine,China,Shiyan
Sanjay Gandhi Postgraduate Institute of Medical Sciences,India,Lucknow
Autonomous University of Chile,Chile,Santiago
Oita University,Japan,Oita
Cooper Union,United States,Union
Mimar Sinan Fine Arts University,Turkey,Istanbul
Technological Institute of Aeronautics,Brazil,São José dos Campos
University of Desarrollo,Chile,Santiago
University of Mazandaran,Iran,Babolsar
Tunghai University,China,Taichung
Embry-Riddle Aeronautical University,United States,Daytona Beach
Federal University of Ouro Preto,Brazil,Ouro Preto
Gangneung-Wonju National University,Korea,Gangneung
Shanxi Normal University,China,Linfen
Kawasaki Medical School,Japan,Kawasaki
Kettering University,United States,Kettering
Bond University,Australia,Gold Coast
Wrocław University of Environmental and Life Sciences,Poland,Wrocław
"Queens College, City University of New York",United States,York
Nicolaus Copernicus Astronomical Center of the Polish Academy of Sciences,Poland,Warsaw
Karlstad University,Sweden,Karlstad
Brooklyn College,United States,Brooklyn
National Institute of Mental Health and Neurosciences,India,Bangalore
Ahmadu Bello University,Nigeria,Zaria
Hainan Medical University,China,Haikou
Central European University,Hungary,Budapest
Towson University,United States,Towson
College of Charleston,United States,Charleston
University of Science and Technology Liaoning,China,Anshan
University of Toulon,France,Toulon
"Institute of Chemical Technology, Mumbai",India,Mumbai
Japan Advanced Institute of Science and Technology,Japan,Nomi
Hanoi Medical University,Vietnam,Hanoi
"Indian Institute of Science Education and Research, Bhopal",India,Bhopal
Adolfo Ibáñez University,Chile,Santiago
East Tennessee State University,United States,Johnson City
Lanzhou Jiaotong University,China,Lanzhou
Hebei University of Science and Technology,China,Shijiazhuang
Gadjah Mada University,Indonesia,Yogyakarta
Federal University of Alagoas,Brazil,Maceió
Nanjing University of Finance & Economics,China,Nanjing
Jönköping University,Sweden,Jönköping
ESCP Business School,France,Paris
Federal University of Triângulo Mineiro,Brazil,Uberaba
Utah Valley University,United States,Valley
Reichman University,Israel,Herzliya
Institute of Mathematics of the Polish Academy of Sciences,Poland,Warsaw
Cracow University of Technology,Poland,Cracow
Inner Mongolia Agricultural University,China,Hohhot
University of Karachi,Pakistan,Karachi
Eastern Mediterranean University,Cyprus,Famagusta
Jiangxi University of Finance and Economics,China,Nanchang
"Goldsmiths, University of London",United Kingdom,London
Zunyi Medical University,China,Zunyi
Catholic University of Daegu,Korea,Gyeongsan
Kerman University of Medical Sciences,Iran,Kerman
Muhimbili University of Health and Allied Sciences,Tanzania,Dar es Salaam
Wuyi University,China,Jiangmen
National Yunlin University of Science and Technology,China,Yunlin
Union College,United States,Union
Manisa Celal Bayar University,Turkey,Manisa
Bahir Dar University,Ethiopia,Bahir Dar
Bandung Institute of Technology,Indonesia,Bandung
"Indian Institute of Science Education and Research, Mohali",India,Mohali
Zhejiang Ocean University,China,Zhoushan
Asian Institute of Management,Philippines,Makati
Mid Sweden University,Sweden,Sundsvall
Jianghan University,China,Wuhan
University of Tabuk,Saudi Arabia,Tabuk
National University of the South,Argentina,Bahía Blanca
Gansu Agricultural University,China,Lanzhou
SASTRA,India,Thanjavur
Chongqing University of Technology,China,Chongqing
"West Pomeranian University of Technology, Szczecin",Poland,Szczecin
Anadolu University,Turkey,Eskişehir
University of Bergamo,Italy,Bergamo
A.N. Nesmeyanov Institute of Organoelement Compounds of the Russian Academy of Sciences,Russia,Moscow
University of Bialystok,Poland,Bialystok
M.M. Shemyakin and Y.A. Ovchinnikov Institute of Bioorganic Chemistry of the Russian Academy of Sciences,Russia,Moscow
Başkent University,Turkey,Ankara
Kharazmi University,Iran,Tehran
Iwate University,Japan,Morioka
Siberian Federal University,Russia,Krasnoyarsk
A.M. Prokhorov General Physics Institute of the Russian Academy of Sciences,Russia,Moscow
South Ural State University,Russia,Ural
IHE Delft Institute for Water Education,Netherlands,Delft
Islamia University of Bahawalpur,Pakistan,Bahawalpur
University of the Highlands and Islands,United Kingdom,Inverness
Jackson State University,United States,Jackson
Pamukkale University,Turkey,Denizli
Fairfield University,United States,Fairfield
Minjiang University,China,Fuzhou
Lebanese University,Lebanon,Beirut
Naval Postgraduate School,United States,Monterey
Chongqing Jiaotong University,China,Chongqing
Federal University of Campina Grande,Brazil,Campina Grande
University of Madras,India,Madras
N.D. Zelinsky Institute of Organic Chemistry of the Russian Academy of Sciences,Russia,Moscow
Hanoi University of Science and Technology,Vietnam,Hanoi
WHU – Otto Beisheim School of Management,Germany,Vallendar
Hungarian University of Agriculture and Life Sciences,Hungary,Budapest
"Indian Institute of Science Education and Research, Thiruvananthapuram",India,Thiruvananthapuram
Polytechnic University of Hauts-de-France,France,Valenciennes
University of Ostrava,Czech Republic,Ostrava
"Institute of Physical Chemistry, Polish Academy of Sciences",Poland,Warsaw
Alborz University of Medical Sciences,Iran,Karaj
Huaiyin Normal University,China,Huaiyin
Federal Rural University of Rio de Janeiro,Brazil,Seropédica
Çankaya University,Turkey,Ankara
University of Artois,France,Arras
Federal University of Piauí,Brazil,Teresina
Indian Institute of Technology Ropar,India,Rupnagar
Xi'an Technological University,China,Xi'an
Punjab Agricultural University,India,Ludhiana
Baqiyatallah University of Medical Sciences,Iran,Tehran
University of Sousse,Tunisia,Sousse
Saint Mary's University,Canada,Halifax
Meiji University,Japan,Tokyo
American University in Cairo,Egypt,Cairo
Kaunas University of Technology,Lithuania,Kaunas
University of Jammu,India,Jammu
Shiraz University of Technology,Iran,Shiraz
"Graduate School & Training Center, Research Institute of Petroleum Exploration and Development",China,Beijing
University of Colombo,Sri Lanka,Colombo
Florida Agricultural and Mechanical University,United States,Florida
Suez University,Egypt,Suez
Kyoto Institute of Technology,Japan,Kyoto
Idaho State University,United States,Pocatello
Technical University of Crete,Greece,Chania
Far Eastern Federal University,Russia,Vladivostok
Tshwane University of Technology,South Africa,Pretoria
Leeds Beckett University,United Kingdom,Leeds
University of Valle,Colombia,Cali
Institute of Ecology (INECOL),Mexico,Xalapa
Institute for Nuclear Research of the National Academy of Sciences of Ukraine,Ukraine,Kyiv
Hankuk University of Foreign Studies,Korea,Seoul
Mediterranean University of Reggio Calabria,Italy,Reggio Calabria
Mälardalen University,Sweden,Västerås
Gebze Technical University,Turkey,Gebze
Dalarna University,Sweden,Falun
An-Najah National University,Jordan,Nablus
"Amity University, Noida",India,Noida
Obafemi Awolowo University,Nigeria,Ile-Ife
European University of Madrid,Spain,Madrid
Riga Technical University,Latvia,Riga
Drew University,United States,Madison
Guru Nanak Dev University,India,Amritsar
Institut supérieur de l'aéronautique et de l'espace,France,Toulouse
Tianjin University of Traditional Chinese Medicine,China,Tianjin
Zurich University of Applied Sciences (ZHAW),Switzerland,Zurich
University of Vic - Central University of Catalonia,Spain,Vic
Istanbul Medeniyet University,Turkey,Istanbul
Changchun University of Technology,China,Changchun
Haramaya University,Ethiopia,Haramaya
Shahrood University of Technology,Iran,Shahrood
University of Wolverhampton,United Kingdom,Wolverhampton
Federal University of Amazonas,Brazil,Manaus
Pondicherry University,India,Pondicherry
Pirogov Russian National Research Medical University,Russia,Moscow
National Defense Medical College,Japan,Tokorozawa
Minzu University of China,China,Beijing
Ss. Cyril and Methodius University in Skopje,North Macedonia,Skopje
University of La Réunion,France,Saint-Denis
Shahid Chamran University of Ahvaz,Iran,Ahvaz
Josip Juraj Strossmayer University of Osijek,Croatia,Osijek
University of Alaska Anchorage,United States,Anchorage
Autonomous University of Sinaloa,Mexico,Sinaloa
Northeast Electric Power University,China,Jilin
Xihua University,China,Xihua
Northeast Petroleum University,China,Daqing
University of Nova Gorica,Slovenia,Nova Gorica
University of Ioannina,Greece,Ioannina
Yunnan Agricultural University,China,Kunming
Liaocheng University,China,Liaocheng
Lanzhou University of Technology,China,Lanzhou
